motif_group,label_name,negative_type,motif_count,target_probability_original,target_probability_masked,delta_original_minus_masked
ESE_proxy,donor,positive,4,0.9393782373714995,0.10355511950273087,0.8358231178687686
ESE_proxy,donor,positive,4,0.8912227829619342,0.2707601851492899,0.6204625978126443
ESE_proxy,acceptor,positive,3,0.9446665387719605,0.9037646482370321,0.04090189053492843
ESE_proxy,acceptor,positive,8,0.924799700332446,0.9308674969426154,-0.006067796610169429
ESE_proxy,non_splice,hard_gtag,2,0.7711146790405305,0.7848785123177778,-0.013763833277247284
ESE_proxy,acceptor,positive,3,0.9358632570426072,0.9358632570426072,0.0
ESE_proxy,non_splice,hard_gtag,3,0.7540190191124782,0.7653367798007015,-0.011317760688223322
ESE_proxy,non_splice,hard_gtag,2,0.8152595471793574,0.8138411074630454,0.0014184397163120588
ESE_proxy,non_splice,easy_random,3,0.9698060219170269,0.9543269940917256,0.015479027825301306
ESE_proxy,donor,positive,4,0.8930023173333586,0.25302669187216803,0.6399756254611906
ESE_proxy,non_splice,easy_random,3,0.9218166746593399,0.9218166746593399,0.0
ESE_proxy,donor,positive,7,0.9494176536414264,0.3494227176579712,0.5999949359834551
ESE_proxy,donor,positive,6,0.8712827405157718,0.18200586679540975,0.6892768737203621
ESE_proxy,acceptor,positive,3,0.9298431178136222,0.8901153071627346,0.039727810650887596
ESE_proxy,non_splice,hard_gtag,2,0.8264705868344615,0.829130733533728,-0.002660146699266508
ESE_proxy,donor,positive,7,0.9065745827615419,0.36050657391038676,0.5460680088511551
ESE_proxy,donor,positive,3,0.9503109327779399,0.14584962289999556,0.8044613098779443
ESE_proxy,non_splice,hard_gtag,4,0.9265262527375074,0.9265262527375074,0.0
ESE_proxy,acceptor,positive,4,0.9404665609131194,0.9404665609131194,0.0
ESE_proxy,non_splice,hard_gtag,5,0.8516789251208683,0.8516789251208683,0.0
ESE_proxy,acceptor,positive,6,0.926637143179992,0.9194011591510982,0.007235984028893805
ESE_proxy,acceptor,positive,4,0.8750757784978116,0.8805445503114615,-0.005468771813649909
ESE_proxy,non_splice,hard_gtag,3,0.893064767062759,0.9363731285343135,-0.04330836147155459
ESE_proxy,acceptor,positive,4,0.9354500500313909,0.9314500500313909,0.0040000000000000036
ESE_proxy,non_splice,hard_gtag,4,0.7552282620525945,0.7714613212505973,-0.016233059198002775
ESE_proxy,acceptor,positive,4,0.9267675018958983,0.8625219415188778,0.06424556037702045
ESE_proxy,donor,positive,4,0.8746306427956783,0.07349930283323408,0.8011313399624442
ESE_proxy,donor,positive,3,0.9445996851772864,0.1255700297138166,0.8190296554634698
ESE_proxy,non_splice,hard_gtag,9,0.7885321404577451,0.8403740887389541,-0.05184194828120903
ESE_proxy,non_splice,hard_gtag,5,0.8718813426104358,0.888829767479944,-0.016948424869508205
ESE_proxy,donor,positive,9,0.9197346948337896,0.13798884634356504,0.7817458484902245
ESE_proxy,non_splice,easy_random,4,0.9386818411030897,0.9386818411030897,0.0
ESE_proxy,acceptor,positive,7,0.8635098966189491,0.7965576862127979,0.06695221040615118
ESE_proxy,acceptor,positive,5,0.9529189952836725,0.9530088361527178,-8.984086904528787e-05
ESE_proxy,donor,positive,4,0.9423895081935946,0.12256197406444364,0.819827534129151
ESE_proxy,non_splice,hard_gtag,7,0.7960899086061471,0.7828556213319291,0.013234287274218048
ESE_proxy,donor,positive,5,0.9312090877902819,0.09957209465752842,0.8316369931327534
ESE_proxy,non_splice,easy_random,3,0.9710752329421054,0.9710752329421054,0.0
ESE_proxy,acceptor,positive,2,0.9479230270005443,0.9479230270005443,0.0
ESE_proxy,non_splice,hard_gtag,2,0.8468881481326235,0.8468881481326235,0.0
ESE_proxy,acceptor,positive,4,0.9272708751437846,0.8856548890393234,0.041615986104461156
ESE_proxy,acceptor,positive,2,0.9375973772640441,0.9374780014186984,0.00011937584534571499
ESE_proxy,non_splice,hard_gtag,3,0.7501206542720521,0.7476983085779487,0.0024223456941033783
ESE_proxy,non_splice,hard_gtag,1,0.8076200833322383,0.8076200833322383,0.0
ESE_proxy,non_splice,hard_gtag,4,0.8645938685707867,0.8645938685707867,0.0
ESE_proxy,donor,positive,6,0.9086365116954673,0.29453063347895236,0.614105878216515
ESE_proxy,donor,positive,4,0.9219355324491099,0.19433368102438667,0.7276018514247232
ESE_proxy,acceptor,positive,5,0.9489949032254524,0.9021145709091256,0.04688033231632682
ESE_proxy,acceptor,positive,5,0.9197658925033166,0.9110693271821586,0.008696565321158034
ESE_proxy,non_splice,hard_gtag,3,0.8231086530712564,0.8231086530712564,0.0
ESE_proxy,donor,positive,4,0.938147411724665,0.13150792526489635,0.8066394864597686
ESE_proxy,non_splice,hard_gtag,2,0.8308225952637049,0.8276948912695592,0.0031277039941457474
ESE_proxy,donor,positive,4,0.9250787777877145,0.33849465352323416,0.5865841242644804
ESE_proxy,non_splice,hard_gtag,4,0.8297095610851276,0.8309742669674806,-0.0012647058823529456
ESE_proxy,donor,positive,5,0.9473956548320903,0.1152965065484072,0.8320991482836831
ESE_proxy,acceptor,positive,3,0.9347323593461269,0.9309383572584686,0.0037940020876582325
ESE_proxy,non_splice,hard_gtag,0,0.7956264032320608,0.7956264032320608,0.0
ESE_proxy,donor,positive,2,0.8591675180566245,0.14484754532642163,0.7143199727302029
ESE_proxy,non_splice,hard_gtag,7,0.8000371674224211,0.824928255259302,-0.024891087836880876
ESE_proxy,acceptor,positive,2,0.925008334384107,0.9319995967434702,-0.006991262359363204
ESE_proxy,acceptor,positive,4,0.9385763806078291,0.9086036843620954,0.029972696245733732
ESE_proxy,donor,positive,7,0.908123065609249,0.11604120414727126,0.7920818614619778
ESE_proxy,non_splice,hard_gtag,1,0.7878320426130128,0.7878320426130128,0.0
ESE_proxy,non_splice,hard_gtag,3,0.7184784399146913,0.7184784399146913,0.0
ESE_proxy,non_splice,hard_gtag,1,0.7959613067682026,0.7959613067682026,0.0
ESE_proxy,acceptor,positive,4,0.9183547463951309,0.9091943849707901,0.009160361424340846
ESE_proxy,non_splice,easy_random,1,0.9521736329776864,0.9521736329776864,0.0
ESE_proxy,non_splice,hard_gtag,1,0.7518212142084245,0.7518212142084245,0.0
ESE_proxy,non_splice,easy_random,1,0.9891858080243587,0.9654183900500555,0.023767417974303262
ESE_proxy,donor,positive,5,0.8670962981989829,0.2500749133710203,0.6170213848279626
ESE_proxy,donor,positive,3,0.9102146806817601,0.12819586772262803,0.7820188129591321
ESE_proxy,acceptor,positive,2,0.9259044960042555,0.8979044960042555,0.028000000000000025
ESE_proxy,acceptor,positive,3,0.9196006536090028,0.9105404149636043,0.00906023864539851
ESE_proxy,donor,positive,4,0.9034794493141326,0.13829379275786163,0.7651856565562709
ESE_proxy,acceptor,positive,8,0.9313580475821013,0.8928311944720143,0.03852685311008697
ESE_proxy,non_splice,hard_gtag,6,0.7105521054153819,0.8662735862356088,-0.15572148082022685
ESE_proxy,non_splice,hard_gtag,3,0.7993991334952447,0.7938067502321821,0.005592383263062661
ESE_proxy,donor,positive,4,0.9480333676536532,0.12452415474477907,0.8235092129088741
ESE_proxy,donor,positive,7,0.8633027321120417,0.2882018563458221,0.5751008757662195
ESE_proxy,acceptor,positive,6,0.9382099097830796,0.9318232420336119,0.006386667749467723
ESE_proxy,acceptor,positive,3,0.9473118430048575,0.9492670925745649,-0.0019552495697073846
ESE_proxy,non_splice,easy_random,5,0.9829572782145971,0.9876886273304916,-0.0047313491158944565
ESE_proxy,donor,positive,5,0.9342878958745233,0.16268477722935787,0.7716031186451655
ESE_proxy,acceptor,positive,9,0.928724495881201,0.9389371030631171,-0.010212607181916078
ESE_proxy,acceptor,positive,5,0.941654862169146,0.941654862169146,0.0
ESE_proxy,acceptor,positive,4,0.9220177140116084,0.9318438743073292,-0.00982616029572081
ESE_proxy,acceptor,positive,9,0.8757471859905713,0.8500541036059023,0.025693082384669053
ESE_proxy,acceptor,positive,2,0.9363663183865881,0.8936821720254023,0.04268414636118578
ESE_proxy,donor,positive,5,0.9353335077350249,0.2367109912341456,0.6986225165008793
ESE_proxy,donor,positive,8,0.9398605290215256,0.1251502282858911,0.8147103007356346
ESE_proxy,donor,positive,5,0.9016377623945538,0.24384511213411536,0.6577926502604385
ESE_proxy,non_splice,easy_random,0,0.9330533180301592,0.9330533180301592,0.0
ESE_proxy,non_splice,hard_gtag,1,0.7499171889399985,0.7499171889399985,0.0
ESE_proxy,donor,positive,3,0.8877627153470882,0.11809232055698471,0.7696703947901035
ESE_proxy,acceptor,positive,5,0.9135190657598943,0.2772669104638896,0.6362521552960047
ESE_proxy,acceptor,positive,5,0.9502185988829117,0.9088978441659307,0.041320754716981045
ESE_proxy,acceptor,positive,6,0.9271398568576957,0.8774674373708116,0.04967241948688417
ESE_proxy,non_splice,easy_random,7,0.9703932002665622,0.9679904818789115,0.002402718387650715
ESE_proxy,non_splice,easy_random,1,0.9784619486108548,0.9784619486108548,0.0
ESE_proxy,non_splice,hard_gtag,7,0.7950726445003304,0.8123543479832769,-0.017281703482946442
ESE_proxy,donor,positive,5,0.9192580485880535,0.17652238271126572,0.7427356658767877
ESE_proxy,donor,positive,5,0.9315241232511318,0.14432982575799919,0.7871942974931325
ESE_proxy,non_splice,easy_random,2,0.9501562888807485,0.9501562888807485,0.0
ESE_proxy,acceptor,positive,8,0.9167160291965913,0.9134591580409248,0.0032568711556665297
ESE_proxy,acceptor,positive,1,0.8315470893092608,0.7637124266777592,0.06783466263150162
ESE_proxy,donor,positive,9,0.9501741676412734,0.14614800633032718,0.8040261613109462
ESE_proxy,donor,positive,3,0.9104614186495821,0.10906505273293265,0.8013963659166494
ESE_proxy,donor,positive,10,0.8978854080533248,0.3504240929854835,0.5474613150678413
ESE_proxy,non_splice,hard_gtag,1,0.6817081938929052,0.6817081938929052,0.0
ESE_proxy,non_splice,easy_random,2,0.9603730851065058,0.9563730851065058,0.0040000000000000036
ESE_proxy,donor,positive,6,0.8333254255022335,0.2963316954264955,0.536993730075738
ESE_proxy,non_splice,easy_random,1,0.976849669633316,0.976849669633316,0.0
ESE_proxy,donor,positive,8,0.8816333211037657,0.23281391904441456,0.6488194020593512
ESE_proxy,acceptor,positive,4,0.947998937819483,0.9396411562519943,0.008357781567488676
ESE_proxy,donor,positive,5,0.8484538416815552,0.10102826687528586,0.7474255748062694
ESE_proxy,donor,positive,4,0.9321071979297145,0.9056276080267984,0.0264795899029161
ESE_proxy,acceptor,positive,5,0.9053086587600961,0.897742098667581,0.007566560092515107
ESE_proxy,non_splice,hard_gtag,4,0.7542051896835902,0.7502051896835902,0.0040000000000000036
ESE_proxy,donor,positive,5,0.8948217507016715,0.08900678190229647,0.805814968799375
ESE_proxy,donor,positive,5,0.920434889667544,0.07480305685335291,0.8456318328141912
ESE_proxy,non_splice,hard_gtag,2,0.8593135877048259,0.8593135877048259,0.0
ESE_proxy,acceptor,positive,4,0.9234860006993256,0.8936235445160355,0.029862456183290087
ESE_proxy,acceptor,positive,6,0.9352034841972853,0.9373024241266139,-0.002098939929328636
ESE_proxy,acceptor,positive,6,0.9270356929483774,0.9356523670968847,-0.008616674148507308
ESE_proxy,donor,positive,7,0.9247684219417157,0.23419388421427334,0.6905745377274424
ESE_proxy,non_splice,easy_random,1,0.9272943053234635,0.9272943053234635,0.0
ESE_proxy,donor,positive,8,0.9492657770930509,0.13877540601847577,0.8104903710745752
ESE_proxy,non_splice,hard_gtag,3,0.8360949757302197,0.8360949757302197,0.0
ESE_proxy,donor,positive,5,0.8999693875818076,0.10190770932553002,0.7980616782562775
ESE_proxy,donor,positive,4,0.9469160267856078,0.11661223695650862,0.8303037898290992
ESE_proxy,donor,positive,7,0.9252126058092056,0.23039294278266326,0.6948196630265424
ESE_proxy,donor,positive,7,0.9080031628883668,0.19370358795183606,0.7142995749365307
ESE_proxy,acceptor,positive,5,0.9431119006024665,0.9425027639801391,0.0006091366223274219
ESE_proxy,donor,positive,6,0.889748777221546,0.1496757577734623,0.7400730194480837
ESE_proxy,donor,positive,2,0.9487368110906078,0.13040448401590926,0.8183323270746985
ESE_proxy,non_splice,hard_gtag,1,0.8168836689276942,0.8168836689276942,0.0
ESE_proxy,acceptor,positive,7,0.9399898499000877,0.9399898499000877,0.0
ESE_proxy,non_splice,easy_random,5,0.8556837096594515,0.8657605732331205,-0.010076863573668993
ESE_proxy,donor,positive,4,0.8417631677698014,0.222399062072272,0.6193641056975294
ESE_proxy,non_splice,hard_gtag,1,0.8622392190647084,0.8622392190647084,0.0
ESE_proxy,non_splice,easy_random,1,0.810613294310753,0.814613294310753,-0.0040000000000000036
ESE_proxy,non_splice,hard_gtag,4,0.7895579554071531,0.7774467661504039,0.012111189256749255
ESE_proxy,donor,positive,5,0.9507070074845315,0.16928050869994746,0.781426498784584
ESE_proxy,non_splice,hard_gtag,1,0.8301087963380513,0.8301087963380513,0.0
ESE_proxy,donor,positive,4,0.9032167432259467,0.1530805344573825,0.7501362087685641
ESE_proxy,non_splice,easy_random,2,0.9117457555201385,0.9329462812164317,-0.02120052569629327
ESE_proxy,acceptor,positive,3,0.9336998247240034,0.9120299577097706,0.02166986701423279
ESE_proxy,donor,positive,2,0.9386889784541855,0.08095833284281058,0.8577306456113749
ESE_proxy,donor,positive,4,0.923588336819802,0.3071209344091806,0.6164674024106214
ESE_proxy,donor,positive,2,0.8954773508002211,0.16279955122284856,0.7326777995773726
ESE_proxy,acceptor,positive,2,0.9365452824592019,0.9116989187647387,0.024846363694463136
ESE_proxy,non_splice,easy_random,5,0.9407426068258508,0.9447426068258508,-0.0040000000000000036
ESE_proxy,donor,positive,6,0.9332326418480337,0.1252045090432501,0.8080281328047836
ESE_proxy,acceptor,positive,6,0.9267308235392592,0.9361222310583123,-0.009391407519053097
ESE_proxy,donor,positive,6,0.943014247836908,0.16917631813751463,0.7738379296993934
ESE_proxy,donor,positive,5,0.9367871740100217,0.11673285830575722,0.8200543157042645
ESE_proxy,acceptor,positive,4,0.9424074087919121,0.9424074087919121,0.0
ESE_proxy,non_splice,hard_gtag,6,0.8037289232696875,0.7406594967955022,0.06306942647418523
ESE_proxy,acceptor,positive,3,0.9515114035807483,0.9157311936292348,0.03578020995151343
ESE_proxy,non_splice,hard_gtag,1,0.7384563598384318,0.7384563598384318,0.0
ESE_proxy,non_splice,hard_gtag,2,0.8678945688496,0.8678945688496,0.0
ESE_proxy,non_splice,hard_gtag,7,0.8395108825600455,0.7973735547435022,0.042137327816543224
ESE_proxy,non_splice,hard_gtag,1,0.8186008564531332,0.8186008564531332,0.0
ESE_proxy,donor,positive,3,0.9369357956773536,0.16315619750125437,0.7737795981760993
ESE_proxy,non_splice,hard_gtag,5,0.8052956711848611,0.8052956711848611,0.0
ESE_proxy,acceptor,positive,2,0.883373866049565,0.8452103184856992,0.03816354756386586
ESE_proxy,donor,positive,9,0.9361697527651436,0.1924607305529119,0.7437090222122317
ESE_proxy,acceptor,positive,5,0.9048044777784062,0.9092048475841956,-0.004400369805789395
ESE_proxy,donor,positive,5,0.9203622938058873,0.2287739077745335,0.6915883860313539
ESE_proxy,donor,positive,6,0.9208567007580815,0.3290190433927092,0.5918376573653723
ESE_proxy,donor,positive,6,0.9425142771544376,0.30107512625991617,0.6414391508945214
ESE_proxy,donor,positive,6,0.9323949696253564,0.3209591329301324,0.6114358366952239
ESE_proxy,acceptor,positive,2,0.9267369792852886,0.9267369792852886,0.0
ESE_proxy,acceptor,positive,3,0.9512633719919338,0.9478509844662718,0.003412387525661975
ESE_proxy,non_splice,easy_random,2,0.9532206450079391,0.9552097160461905,-0.001989071038251411
ESE_proxy,non_splice,hard_gtag,0,0.7513098943650885,0.7513098943650885,0.0
ESE_proxy,donor,positive,5,0.9397184998733404,0.21670720676839653,0.7230112931049439
ESE_proxy,non_splice,hard_gtag,2,0.7413883253429162,0.7413883253429162,0.0
ESE_proxy,non_splice,easy_random,4,0.9505085272255067,0.9505085272255067,0.0
ESE_proxy,donor,positive,6,0.9189029150014384,0.152277388875699,0.7666255261257394
ESE_proxy,non_splice,hard_gtag,2,0.6425702111570593,0.63577348670368,0.00679672445337931
ESE_proxy,non_splice,hard_gtag,3,0.8488468646750889,0.8488468646750889,0.0
ESE_proxy,acceptor,positive,4,0.9411854177225198,0.9372333864651644,0.003952031257355437
ESE_proxy,acceptor,positive,2,0.868277307375483,0.8509620239394112,0.017315283436071804
ESE_proxy,donor,positive,4,0.9318483508228086,0.30772256115011165,0.6241257896726969
ESE_proxy,non_splice,easy_random,5,0.9823715943452875,0.9823715943452875,0.0
ESE_proxy,donor,positive,6,0.923842559268013,0.21915151984406217,0.7046910394239507
ESE_proxy,acceptor,positive,2,0.9491500297318805,0.9486788600309488,0.00047116970093163957
ESE_proxy,acceptor,positive,3,0.9373655695651021,0.8938095086278457,0.04355606093725639
ESE_proxy,non_splice,hard_gtag,1,0.8753072218502624,0.8753072218502624,0.0
ESE_proxy,non_splice,hard_gtag,0,0.4990178582513665,0.4990178582513665,0.0
ESE_proxy,acceptor,positive,4,0.9378520004632298,0.8951539441921279,0.0426980562711019
ESE_proxy,acceptor,positive,9,0.9396264903346048,0.9349589954314448,0.0046674949031599855
ESE_proxy,non_splice,easy_random,1,0.9539058365032358,0.9539058365032358,0.0
ESE_proxy,donor,positive,3,0.9469966537412458,0.09921711112211075,0.847779542619135
ESE_proxy,donor,positive,5,0.9028424252485994,0.13646404904163598,0.7663783762069634
ESE_proxy,donor,positive,7,0.939244523146465,0.3297024646127418,0.6095420585337232
ESE_proxy,acceptor,positive,3,0.881127523793284,0.8905718534355013,-0.009444329642217308
ESE_proxy,donor,positive,3,0.9370462416721032,0.1646237958658016,0.7724224458063016
ESE_proxy,non_splice,hard_gtag,5,0.7784966904297026,0.7894485213032436,-0.010951830873541013
ESE_proxy,acceptor,positive,4,0.9351847546898046,0.9385645097516213,-0.0033797550618167582
ESE_proxy,non_splice,hard_gtag,3,0.8518246079751796,0.8573748101729357,-0.005550202197756149
ESE_proxy,non_splice,hard_gtag,3,0.8885948579949611,0.8885948579949611,0.0
ESE_proxy,acceptor,positive,4,0.9127457410801907,0.9040484044223036,0.008697336657887078
ESE_proxy,non_splice,easy_random,1,0.9875010758497986,0.9875010758497986,0.0
ESE_proxy,acceptor,positive,4,0.9497510854732799,0.9414616280116076,0.008289457461672312
ESE_proxy,acceptor,positive,4,0.9423857617850189,0.8862690266852272,0.05611673509979165
ESE_proxy,acceptor,positive,6,0.9209643757305082,0.8804612135229161,0.04050316220759209
ESE_proxy,acceptor,positive,5,0.9350152806580759,0.9364380351490939,-0.001422754491017919
ESE_proxy,non_splice,easy_random,2,0.9836247491086308,0.9836247491086308,0.0
ESE_proxy,non_splice,hard_gtag,0,0.35624960615283097,0.35624960615283097,0.0
ESE_proxy,donor,positive,6,0.9153799107173847,0.18340859355339592,0.7319713171639888
ESE_proxy,donor,positive,5,0.9505788216819182,0.3530448990693317,0.5975339226125865
ESE_proxy,non_splice,hard_gtag,3,0.8090468471792036,0.8090468471792036,0.0
ESE_proxy,non_splice,hard_gtag,2,0.7680270037441659,0.7640270037441659,0.0040000000000000036
ESE_proxy,non_splice,hard_gtag,1,0.5662744200979677,0.5662744200979677,0.0
ESE_proxy,acceptor,positive,3,0.9399318241210098,0.9209018629068391,0.019029961214170776
ESE_proxy,acceptor,positive,4,0.9360274618026101,0.9261262692983512,0.009901192504258916
ESE_proxy,donor,positive,5,0.847055310519589,0.31785676366077986,0.5291985468588092
ESE_proxy,acceptor,positive,2,0.928726177950493,0.9217671335818923,0.00695904436860062
ESE_proxy,acceptor,positive,6,0.8936107512461782,0.4124357747309696,0.4811749765152086
ESE_proxy,acceptor,positive,9,0.9486463815014607,0.932516131975536,0.01613024952592479
ESE_proxy,non_splice,hard_gtag,1,0.75505117698939,0.75505117698939,0.0
ESE_proxy,non_splice,hard_gtag,4,0.8520492268735133,0.8420792306809953,0.009969996192517927
ESE_proxy,non_splice,easy_random,3,0.9465573690853678,0.9465573690853678,0.0
ESE_proxy,donor,positive,2,0.9492501287314786,0.11154505632706675,0.8377050724044118
ESE_proxy,donor,positive,14,0.8835205072825336,0.1192217938477216,0.764298713434812
ESE_proxy,non_splice,hard_gtag,1,0.8802111400258135,0.8802111400258135,0.0
ESE_proxy,non_splice,hard_gtag,1,0.7850587162930143,0.7876594230067953,-0.002600706713780987
ESE_proxy,non_splice,hard_gtag,1,0.791191817603071,0.791191817603071,0.0
ESE_proxy,donor,positive,4,0.6831429765132153,0.21612304158742623,0.4670199349257891
ESE_proxy,donor,positive,4,0.9358120163116972,0.1486842138908248,0.7871278024208723
ESE_proxy,non_splice,easy_random,2,0.9747628410056444,0.9747628410056444,0.0
ESE_proxy,non_splice,easy_random,3,0.9323558217305957,0.9323558217305957,0.0
ESE_proxy,non_splice,hard_gtag,4,0.7611469239997818,0.763104670478655,-0.001957746478873257
ESE_proxy,donor,positive,4,0.8401351477854242,0.11557138686145789,0.7245637609239663
ESE_proxy,acceptor,positive,3,0.9284402052728206,0.879815800046272,0.04862440522654854
ESE_proxy,acceptor,positive,4,0.8735184963207989,0.8748753245146315,-0.0013568281938325377
ESE_proxy,non_splice,easy_random,5,0.9897208141784739,0.9897208141784739,0.0
ESE_proxy,non_splice,easy_random,3,0.9718797085360913,0.9718797085360913,0.0
ESE_proxy,acceptor,positive,4,0.92287634834496,0.926741861866427,-0.0038655135214670233
ESE_proxy,non_splice,easy_random,7,0.9346109000812626,0.9278390135214598,0.0067718865598027644
ESE_proxy,acceptor,positive,6,0.9442430880865461,0.8905130463274011,0.053730041759144975
ESE_proxy,acceptor,positive,2,0.9020715272567964,0.8969207098131671,0.00515081744362933
ESE_proxy,donor,positive,5,0.6527798062111587,0.16216815691498096,0.49061164929617773
ESE_proxy,acceptor,positive,3,0.9390157691175717,0.8930837662366753,0.04593200288089638
ESE_proxy,non_splice,hard_gtag,1,0.6747119790757026,0.6747119790757026,0.0
ESE_proxy,non_splice,hard_gtag,0,0.6957689063463979,0.6957689063463979,0.0
ESE_proxy,non_splice,hard_gtag,2,0.7973998806708341,0.7973998806708341,0.0
ESE_proxy,acceptor,positive,3,0.9486001052787254,0.9347826128446473,0.013817492434078149
ESE_proxy,acceptor,positive,7,0.9385535977379629,0.9356106113126235,0.002942986425339411
ESE_proxy,acceptor,positive,7,0.9155487633349316,0.9032621351860092,0.012286628148922452
ESE_proxy,donor,positive,6,0.9306002357101458,0.4059099275660446,0.5246903081441012
ESE_proxy,donor,positive,6,0.9210374026809833,0.14953576439773617,0.7715016382832471
ESE_proxy,non_splice,easy_random,4,0.7135405214676601,0.7230464638310468,-0.009505942363386644
ESE_proxy,acceptor,positive,1,0.9370868975499422,0.9401688088127409,-0.0030819112627986645
ESE_proxy,donor,positive,7,0.9378467276568184,0.18811829277714612,0.7497284348796723
ESE_proxy,acceptor,positive,4,0.9385410010595041,0.9385410010595041,0.0
ESE_proxy,donor,positive,4,0.9377846638570244,0.9173308105234623,0.02045385333356209
ESE_proxy,acceptor,positive,3,0.8227902061463288,0.7830885569182209,0.03970164922810793
ESE_proxy,donor,positive,9,0.9314517876602477,0.181402459040146,0.7500493286201018
ESE_proxy,acceptor,positive,7,0.9228962276470377,0.8956587683637572,0.027237459283280474
ESE_proxy,acceptor,positive,3,0.8575210793732062,0.8671258715374182,-0.00960479216421195
ESE_proxy,non_splice,hard_gtag,2,0.7694985148738204,0.7654985148738204,0.0040000000000000036
ESE_proxy,donor,positive,3,0.8290071083847537,0.15035898225528305,0.6786481261294706
ESE_proxy,acceptor,positive,4,0.9361074267239193,0.8973217612834363,0.03878566544048301
ESE_proxy,donor,positive,6,0.926905957646918,0.1662175815290476,0.7606883761178704
ESE_proxy,acceptor,positive,2,0.929082462406955,0.9299568920544224,-0.0008744296474674229
ESE_proxy,non_splice,easy_random,0,0.9489492988694682,0.9489492988694682,0.0
ESE_proxy,acceptor,positive,6,0.9456085397168875,0.43109314189857995,0.5145153978183076
ESE_proxy,non_splice,hard_gtag,4,0.8944664238670088,0.8944664238670088,0.0
ESE_proxy,donor,positive,5,0.8441482948513184,0.11021511461171526,0.7339331802396031
ESE_proxy,donor,positive,9,0.8933827306157348,0.8540983381695962,0.03928439244613857
ESE_proxy,donor,positive,3,0.9322505104230404,0.3445719805447702,0.5876785298782703
ESE_proxy,acceptor,positive,6,0.9367834995363222,0.9389914001819393,-0.0022079006456170447
ESE_proxy,donor,positive,5,0.907609229815354,0.20692770790249093,0.700681521912863
ESE_proxy,non_splice,easy_random,3,0.9671132668174172,0.9465336135212771,0.020579653296140088
ESE_proxy,acceptor,positive,4,0.9046365724290601,0.9033914101069747,0.0012451623220854913
ESE_proxy,donor,positive,2,0.930495009796197,0.11863677808725491,0.8118582317089421
ESE_proxy,acceptor,positive,5,0.6222959850186304,0.5074129726497646,0.11488301236886578
ESE_proxy,donor,positive,6,0.9464748403792327,0.6676795039397869,0.27879533643944576
ESE_proxy,donor,positive,7,0.9469267542131125,0.23186345803416428,0.7150632961789481
ESE_proxy,non_splice,hard_gtag,3,0.6698212675024492,0.694354521462092,-0.024533253959642787
ESE_proxy,acceptor,positive,2,0.8299628431725924,0.7389299927151756,0.09103285045741683
ESE_proxy,donor,positive,6,0.9436214838037472,0.37235102181786583,0.5712704619858814
ISE_proxy,donor,positive,2,0.9393782373714995,0.16262137251273145,0.776756864858768
ISE_proxy,donor,positive,2,0.8912227829619342,0.11536409230223552,0.7758586906596987
ISE_proxy,acceptor,positive,0,0.9446665387719605,0.9446665387719605,0.0
ISE_proxy,acceptor,positive,1,0.924799700332446,0.924799700332446,0.0
ISE_proxy,non_splice,hard_gtag,0,0.7711146790405305,0.7711146790405305,0.0
ISE_proxy,acceptor,positive,0,0.9358632570426072,0.9358632570426072,0.0
ISE_proxy,non_splice,hard_gtag,1,0.7540190191124782,0.7540190191124782,0.0
ISE_proxy,non_splice,hard_gtag,0,0.8152595471793574,0.8152595471793574,0.0
ISE_proxy,non_splice,easy_random,0,0.9698060219170269,0.9698060219170269,0.0
ISE_proxy,donor,positive,2,0.8930023173333586,0.12119608286441406,0.7718062344689445
ISE_proxy,non_splice,easy_random,0,0.9218166746593399,0.9218166746593399,0.0
ISE_proxy,donor,positive,2,0.9494176536414264,0.3510096696088183,0.5984079840326081
ISE_proxy,donor,positive,2,0.8712827405157718,0.31483364000105324,0.5564491005147185
ISE_proxy,acceptor,positive,1,0.9298431178136222,0.9298431178136222,0.0
ISE_proxy,non_splice,hard_gtag,0,0.8264705868344615,0.8264705868344615,0.0
ISE_proxy,donor,positive,2,0.9065745827615419,0.11308849835083352,0.7934860844107083
ISE_proxy,donor,positive,2,0.9503109327779399,0.056318105128295035,0.8939928276496448
ISE_proxy,non_splice,hard_gtag,1,0.9265262527375074,0.9265262527375074,0.0
ISE_proxy,acceptor,positive,0,0.9404665609131194,0.9404665609131194,0.0
ISE_proxy,non_splice,hard_gtag,0,0.8516789251208683,0.8516789251208683,0.0
ISE_proxy,acceptor,positive,0,0.926637143179992,0.926637143179992,0.0
ISE_proxy,acceptor,positive,0,0.8750757784978116,0.8750757784978116,0.0
ISE_proxy,non_splice,hard_gtag,1,0.893064767062759,0.893064767062759,0.0
ISE_proxy,acceptor,positive,0,0.9354500500313909,0.9354500500313909,0.0
ISE_proxy,non_splice,hard_gtag,0,0.7552282620525945,0.7552282620525945,0.0
ISE_proxy,acceptor,positive,1,0.9267675018958983,0.9330563881501481,-0.006288886254249837
ISE_proxy,donor,positive,2,0.8746306427956783,0.021159217675634983,0.8534714251200433
ISE_proxy,donor,positive,3,0.9445996851772864,0.06222196308118089,0.8823777220961055
ISE_proxy,non_splice,hard_gtag,1,0.7885321404577451,0.7925321404577451,-0.0040000000000000036
ISE_proxy,non_splice,hard_gtag,1,0.8718813426104358,0.8718813426104358,0.0
ISE_proxy,donor,positive,3,0.9197346948337896,0.02459768503774848,0.895137009796041
ISE_proxy,non_splice,easy_random,0,0.9386818411030897,0.9386818411030897,0.0
ISE_proxy,acceptor,positive,1,0.8635098966189491,0.884155699942742,-0.020645803323792955
ISE_proxy,acceptor,positive,1,0.9529189952836725,0.9529189952836725,0.0
ISE_proxy,donor,positive,2,0.9423895081935946,0.057357382357664105,0.8850321258359305
ISE_proxy,non_splice,hard_gtag,1,0.7960899086061471,0.7960899086061471,0.0
ISE_proxy,donor,positive,2,0.9312090877902819,0.1030811496411797,0.8281279381491022
ISE_proxy,non_splice,easy_random,1,0.9710752329421054,0.9710752329421054,0.0
ISE_proxy,acceptor,positive,2,0.9479230270005443,0.9479230270005443,0.0
ISE_proxy,non_splice,hard_gtag,0,0.8468881481326235,0.8468881481326235,0.0
ISE_proxy,acceptor,positive,2,0.9272708751437846,0.9351778721833821,-0.007906997039597519
ISE_proxy,acceptor,positive,1,0.9375973772640441,0.9375973772640441,0.0
ISE_proxy,non_splice,hard_gtag,2,0.7501206542720521,0.7656053936241314,-0.01548473935207928
ISE_proxy,non_splice,hard_gtag,1,0.8076200833322383,0.7953576504580847,0.012262432874153628
ISE_proxy,non_splice,hard_gtag,1,0.8645938685707867,0.8645938685707867,0.0
ISE_proxy,donor,positive,3,0.9086365116954673,0.08857944199147902,0.8200570697039883
ISE_proxy,donor,positive,2,0.9219355324491099,0.038135811432394966,0.8837997210167149
ISE_proxy,acceptor,positive,0,0.9489949032254524,0.9489949032254524,0.0
ISE_proxy,acceptor,positive,0,0.9197658925033166,0.9197658925033166,0.0
ISE_proxy,non_splice,hard_gtag,2,0.8231086530712564,0.8271086530712564,-0.0040000000000000036
ISE_proxy,donor,positive,4,0.938147411724665,0.14988467088672003,0.788262740837945
ISE_proxy,non_splice,hard_gtag,0,0.8308225952637049,0.8308225952637049,0.0
ISE_proxy,donor,positive,3,0.9250787777877145,0.03976251159201667,0.8853162661956978
ISE_proxy,non_splice,hard_gtag,1,0.8297095610851276,0.8260136451048583,0.0036959159802693042
ISE_proxy,donor,positive,3,0.9473956548320903,0.07140719563471674,0.8759884591973736
ISE_proxy,acceptor,positive,0,0.9347323593461269,0.9347323593461269,0.0
ISE_proxy,non_splice,hard_gtag,1,0.7956264032320608,0.7956264032320608,0.0
ISE_proxy,donor,positive,3,0.8591675180566245,0.11411908974805567,0.7450484283085689
ISE_proxy,non_splice,hard_gtag,0,0.8000371674224211,0.8000371674224211,0.0
ISE_proxy,acceptor,positive,0,0.925008334384107,0.925008334384107,0.0
ISE_proxy,acceptor,positive,1,0.9385763806078291,0.9385763806078291,0.0
ISE_proxy,donor,positive,2,0.908123065609249,0.021526498732754112,0.8865965668764949
ISE_proxy,non_splice,hard_gtag,1,0.7878320426130128,0.7878320426130128,0.0
ISE_proxy,non_splice,hard_gtag,0,0.7184784399146913,0.7184784399146913,0.0
ISE_proxy,non_splice,hard_gtag,0,0.7959613067682026,0.7959613067682026,0.0
ISE_proxy,acceptor,positive,0,0.9183547463951309,0.9183547463951309,0.0
ISE_proxy,non_splice,easy_random,0,0.9521736329776864,0.9521736329776864,0.0
ISE_proxy,non_splice,hard_gtag,0,0.7518212142084245,0.7518212142084245,0.0
ISE_proxy,non_splice,easy_random,2,0.9891858080243587,0.9891858080243587,0.0
ISE_proxy,donor,positive,2,0.8670962981989829,0.034596641129132355,0.8324996570698506
ISE_proxy,donor,positive,2,0.9102146806817601,0.1682660663468824,0.7419486143348777
ISE_proxy,acceptor,positive,2,0.9259044960042555,0.9259044960042555,0.0
ISE_proxy,acceptor,positive,0,0.9196006536090028,0.9196006536090028,0.0
ISE_proxy,donor,positive,2,0.9034794493141326,0.08870630219068212,0.8147731471234505
ISE_proxy,acceptor,positive,0,0.9313580475821013,0.9313580475821013,0.0
ISE_proxy,non_splice,hard_gtag,0,0.7105521054153819,0.7105521054153819,0.0
ISE_proxy,non_splice,hard_gtag,2,0.7993991334952447,0.8159239768228539,-0.016524843327609173
ISE_proxy,donor,positive,3,0.9480333676536532,0.06039673344469477,0.8876366342089584
ISE_proxy,donor,positive,2,0.8633027321120417,0.028701675350510686,0.834601056761531
ISE_proxy,acceptor,positive,0,0.9382099097830796,0.9382099097830796,0.0
ISE_proxy,acceptor,positive,0,0.9473118430048575,0.9473118430048575,0.0
ISE_proxy,non_splice,easy_random,0,0.9829572782145971,0.9829572782145971,0.0
ISE_proxy,donor,positive,2,0.9342878958745233,0.13838469713207674,0.7959031987424465
ISE_proxy,acceptor,positive,1,0.928724495881201,0.928724495881201,0.0
ISE_proxy,acceptor,positive,0,0.941654862169146,0.941654862169146,0.0
ISE_proxy,acceptor,positive,0,0.9220177140116084,0.9220177140116084,0.0
ISE_proxy,acceptor,positive,0,0.8757471859905713,0.8757471859905713,0.0
ISE_proxy,acceptor,positive,0,0.9363663183865881,0.9363663183865881,0.0
ISE_proxy,donor,positive,2,0.9353335077350249,0.05804750225623274,0.8772860054787921
ISE_proxy,donor,positive,2,0.9398605290215256,0.09770748284243319,0.8421530461790925
ISE_proxy,donor,positive,2,0.9016377623945538,0.11629281458482052,0.7853449478097333
ISE_proxy,non_splice,easy_random,1,0.9330533180301592,0.9330533180301592,0.0
ISE_proxy,non_splice,hard_gtag,1,0.7499171889399985,0.7471142535546699,0.0028029353853286088
ISE_proxy,donor,positive,3,0.8877627153470882,0.24817779670943738,0.6395849186376508
ISE_proxy,acceptor,positive,0,0.9135190657598943,0.9135190657598943,0.0
ISE_proxy,acceptor,positive,0,0.9502185988829117,0.9502185988829117,0.0
ISE_proxy,acceptor,positive,0,0.9271398568576957,0.9271398568576957,0.0
ISE_proxy,non_splice,easy_random,0,0.9703932002665622,0.9703932002665622,0.0
ISE_proxy,non_splice,easy_random,1,0.9784619486108548,0.9763438806323217,0.002118067978533089
ISE_proxy,non_splice,hard_gtag,0,0.7950726445003304,0.7950726445003304,0.0
ISE_proxy,donor,positive,3,0.9192580485880535,0.15487018600911537,0.7643878625789381
ISE_proxy,donor,positive,3,0.9315241232511318,0.041453558135442034,0.8900705651156897
ISE_proxy,non_splice,easy_random,0,0.9501562888807485,0.9501562888807485,0.0
ISE_proxy,acceptor,positive,1,0.9167160291965913,0.9193891293172186,-0.0026731001206272698
ISE_proxy,acceptor,positive,0,0.8315470893092608,0.8315470893092608,0.0
ISE_proxy,donor,positive,3,0.9501741676412734,0.0687571026705564,0.8814170649707169
ISE_proxy,donor,positive,2,0.9104614186495821,0.18019802803544055,0.7302633906141416
ISE_proxy,donor,positive,2,0.8978854080533248,0.14061628158086692,0.7572691264724579
ISE_proxy,non_splice,hard_gtag,1,0.6817081938929052,0.6817081938929052,0.0
ISE_proxy,non_splice,easy_random,0,0.9603730851065058,0.9603730851065058,0.0
ISE_proxy,donor,positive,4,0.8333254255022335,0.061900577975204873,0.7714248475270287
ISE_proxy,non_splice,easy_random,2,0.976849669633316,0.976849669633316,0.0
ISE_proxy,donor,positive,3,0.8816333211037657,0.04413767886135182,0.8374956422424139
ISE_proxy,acceptor,positive,0,0.947998937819483,0.947998937819483,0.0
ISE_proxy,donor,positive,2,0.8484538416815552,0.04398468340373305,0.8044691582778222
ISE_proxy,donor,positive,2,0.9321071979297145,0.2812611052143583,0.6508460927153562
ISE_proxy,acceptor,positive,1,0.9053086587600961,0.9120622571711854,-0.0067535984110892455
ISE_proxy,non_splice,hard_gtag,1,0.7542051896835902,0.7481671638503152,0.0060380258332749515
ISE_proxy,donor,positive,3,0.8948217507016715,0.19049893838578794,0.7043228123158836
ISE_proxy,donor,positive,3,0.920434889667544,0.03255435625957815,0.8878805334079659
ISE_proxy,non_splice,hard_gtag,2,0.8593135877048259,0.8593135877048259,0.0
ISE_proxy,acceptor,positive,1,0.9234860006993256,0.9234860006993256,0.0
ISE_proxy,acceptor,positive,1,0.9352034841972853,0.9352034841972853,0.0
ISE_proxy,acceptor,positive,0,0.9270356929483774,0.9270356929483774,0.0
ISE_proxy,donor,positive,2,0.9247684219417157,0.052281843342874675,0.872486578598841
ISE_proxy,non_splice,easy_random,0,0.9272943053234635,0.9272943053234635,0.0
ISE_proxy,donor,positive,2,0.9492657770930509,0.18193796266072676,0.7673278144323241
ISE_proxy,non_splice,hard_gtag,0,0.8360949757302197,0.8360949757302197,0.0
ISE_proxy,donor,positive,2,0.8999693875818076,0.05080400617141127,0.8491653814103963
ISE_proxy,donor,positive,3,0.9469160267856078,0.13445285215420494,0.8124631746314028
ISE_proxy,donor,positive,2,0.9252126058092056,0.05812645109121679,0.8670861547179888
ISE_proxy,donor,positive,3,0.9080031628883668,0.04222742669919006,0.8657757361891767
ISE_proxy,acceptor,positive,0,0.9431119006024665,0.9431119006024665,0.0
ISE_proxy,donor,positive,2,0.889748777221546,0.1243860813853527,0.7653626958361933
ISE_proxy,donor,positive,3,0.9487368110906078,0.36378798827273456,0.5849488228178732
ISE_proxy,non_splice,hard_gtag,0,0.8168836689276942,0.8168836689276942,0.0
ISE_proxy,acceptor,positive,0,0.9399898499000877,0.9399898499000877,0.0
ISE_proxy,non_splice,easy_random,0,0.8556837096594515,0.8556837096594515,0.0
ISE_proxy,donor,positive,2,0.8417631677698014,0.03191197648680203,0.8098511912829994
ISE_proxy,non_splice,hard_gtag,2,0.8622392190647084,0.8622392190647084,0.0
ISE_proxy,non_splice,easy_random,0,0.810613294310753,0.810613294310753,0.0
ISE_proxy,non_splice,hard_gtag,1,0.7895579554071531,0.7925809341305574,-0.0030229787234042904
ISE_proxy,donor,positive,2,0.9507070074845315,0.07694321687914879,0.8737637906053828
ISE_proxy,non_splice,hard_gtag,0,0.8301087963380513,0.8301087963380513,0.0
ISE_proxy,donor,positive,3,0.9032167432259467,0.2878397573905974,0.6153769858353493
ISE_proxy,non_splice,easy_random,2,0.9117457555201385,0.9117457555201385,0.0
ISE_proxy,acceptor,positive,0,0.9336998247240034,0.9336998247240034,0.0
ISE_proxy,donor,positive,2,0.9386889784541855,0.0306625802395258,0.9080263982146597
ISE_proxy,donor,positive,2,0.923588336819802,0.06419237259284868,0.8593959642269533
ISE_proxy,donor,positive,2,0.8954773508002211,0.14258114414853498,0.7528962066516861
ISE_proxy,acceptor,positive,0,0.9365452824592019,0.9365452824592019,0.0
ISE_proxy,non_splice,easy_random,2,0.9407426068258508,0.942710406468069,-0.001967799642218271
ISE_proxy,donor,positive,3,0.9332326418480337,0.04746908272016063,0.8857635591278731
ISE_proxy,acceptor,positive,0,0.9267308235392592,0.9267308235392592,0.0
ISE_proxy,donor,positive,2,0.943014247836908,0.07875697751158177,0.8642572703253263
ISE_proxy,donor,positive,2,0.9367871740100217,0.07517422905088487,0.8616129449591368
ISE_proxy,acceptor,positive,0,0.9424074087919121,0.9424074087919121,0.0
ISE_proxy,non_splice,hard_gtag,0,0.8037289232696875,0.8037289232696875,0.0
ISE_proxy,acceptor,positive,0,0.9515114035807483,0.9515114035807483,0.0
ISE_proxy,non_splice,hard_gtag,0,0.7384563598384318,0.7384563598384318,0.0
ISE_proxy,non_splice,hard_gtag,1,0.8678945688496,0.8704230520342259,-0.0025284831846258404
ISE_proxy,non_splice,hard_gtag,0,0.8395108825600455,0.8395108825600455,0.0
ISE_proxy,non_splice,hard_gtag,2,0.8186008564531332,0.8186008564531332,0.0
ISE_proxy,donor,positive,2,0.9369357956773536,0.15656616293120104,0.7803696327461526
ISE_proxy,non_splice,hard_gtag,0,0.8052956711848611,0.8052956711848611,0.0
ISE_proxy,acceptor,positive,0,0.883373866049565,0.883373866049565,0.0
ISE_proxy,donor,positive,2,0.9361697527651436,0.10201104530646861,0.8341587074586749
ISE_proxy,acceptor,positive,1,0.9048044777784062,0.9117786602224682,-0.006974182444062005
ISE_proxy,donor,positive,2,0.9203622938058873,0.13122097247296535,0.7891413213329219
ISE_proxy,donor,positive,2,0.9208567007580815,0.09515803492503566,0.8256986658330459
ISE_proxy,donor,positive,4,0.9425142771544376,0.14933622360529225,0.7931780535491453
ISE_proxy,donor,positive,3,0.9323949696253564,0.033347794528165935,0.8990471750971905
ISE_proxy,acceptor,positive,0,0.9267369792852886,0.9267369792852886,0.0
ISE_proxy,acceptor,positive,1,0.9512633719919338,0.9512633719919338,0.0
ISE_proxy,non_splice,easy_random,0,0.9532206450079391,0.9532206450079391,0.0
ISE_proxy,non_splice,hard_gtag,0,0.7513098943650885,0.7513098943650885,0.0
ISE_proxy,donor,positive,2,0.9397184998733404,0.1835985255052321,0.7561199743681084
ISE_proxy,non_splice,hard_gtag,0,0.7413883253429162,0.7413883253429162,0.0
ISE_proxy,non_splice,easy_random,0,0.9505085272255067,0.9505085272255067,0.0
ISE_proxy,donor,positive,2,0.9189029150014384,0.0832128171878855,0.8356900978135529
ISE_proxy,non_splice,hard_gtag,0,0.6425702111570593,0.6425702111570593,0.0
ISE_proxy,non_splice,hard_gtag,1,0.8488468646750889,0.8455161671475879,0.0033306975275009254
ISE_proxy,acceptor,positive,1,0.9411854177225198,0.9411854177225198,0.0
ISE_proxy,acceptor,positive,0,0.868277307375483,0.868277307375483,0.0
ISE_proxy,donor,positive,3,0.9318483508228086,0.06447692629762186,0.8673714245251867
ISE_proxy,non_splice,easy_random,0,0.9823715943452875,0.9823715943452875,0.0
ISE_proxy,donor,positive,2,0.923842559268013,0.06216878169391312,0.8616737775740998
ISE_proxy,acceptor,positive,0,0.9491500297318805,0.9491500297318805,0.0
ISE_proxy,acceptor,positive,0,0.9373655695651021,0.9373655695651021,0.0
ISE_proxy,non_splice,hard_gtag,1,0.8753072218502624,0.8753072218502624,0.0
ISE_proxy,non_splice,hard_gtag,0,0.4990178582513665,0.4990178582513665,0.0
ISE_proxy,acceptor,positive,0,0.9378520004632298,0.9378520004632298,0.0
ISE_proxy,acceptor,positive,2,0.9396264903346048,0.9396264903346048,0.0
ISE_proxy,non_splice,easy_random,1,0.9539058365032358,0.9587715553750543,-0.004865718871818525
ISE_proxy,donor,positive,2,0.9469966537412458,0.06507523310984552,0.8819214206314002
ISE_proxy,donor,positive,2,0.9028424252485994,0.04761388159676795,0.8552285436518314
ISE_proxy,donor,positive,2,0.939244523146465,0.08575232494807512,0.8534921981983898
ISE_proxy,acceptor,positive,0,0.881127523793284,0.881127523793284,0.0
ISE_proxy,donor,positive,2,0.9370462416721032,0.07658541540216655,0.8604608262699366
ISE_proxy,non_splice,hard_gtag,0,0.7784966904297026,0.7784966904297026,0.0
ISE_proxy,acceptor,positive,2,0.9351847546898046,0.9261690779640208,0.009015676725783739
ISE_proxy,non_splice,hard_gtag,0,0.8518246079751796,0.8518246079751796,0.0
ISE_proxy,non_splice,hard_gtag,0,0.8885948579949611,0.8885948579949611,0.0
ISE_proxy,acceptor,positive,0,0.9127457410801907,0.9127457410801907,0.0
ISE_proxy,non_splice,easy_random,1,0.9875010758497986,0.9875010758497986,0.0
ISE_proxy,acceptor,positive,0,0.9497510854732799,0.9497510854732799,0.0
ISE_proxy,acceptor,positive,0,0.9423857617850189,0.9423857617850189,0.0
ISE_proxy,acceptor,positive,0,0.9209643757305082,0.9209643757305082,0.0
ISE_proxy,acceptor,positive,0,0.9350152806580759,0.9350152806580759,0.0
ISE_proxy,non_splice,easy_random,1,0.9836247491086308,0.9836247491086308,0.0
ISE_proxy,non_splice,hard_gtag,0,0.35624960615283097,0.35624960615283097,0.0
ISE_proxy,donor,positive,3,0.9153799107173847,0.1637406532701653,0.7516392574472194
ISE_proxy,donor,positive,3,0.9505788216819182,0.14970156579675778,0.8008772558851605
ISE_proxy,non_splice,hard_gtag,0,0.8090468471792036,0.8090468471792036,0.0
ISE_proxy,non_splice,hard_gtag,0,0.7680270037441659,0.7680270037441659,0.0
ISE_proxy,non_splice,hard_gtag,0,0.5662744200979677,0.5662744200979677,0.0
ISE_proxy,acceptor,positive,0,0.9399318241210098,0.9399318241210098,0.0
ISE_proxy,acceptor,positive,0,0.9360274618026101,0.9360274618026101,0.0
ISE_proxy,donor,positive,3,0.847055310519589,0.03866927986633666,0.8083860306532524
ISE_proxy,acceptor,positive,0,0.928726177950493,0.928726177950493,0.0
ISE_proxy,acceptor,positive,0,0.8936107512461782,0.8936107512461782,0.0
ISE_proxy,acceptor,positive,2,0.9486463815014607,0.9486463815014607,0.0
ISE_proxy,non_splice,hard_gtag,0,0.75505117698939,0.75505117698939,0.0
ISE_proxy,non_splice,hard_gtag,1,0.8520492268735133,0.8520492268735133,0.0
ISE_proxy,non_splice,easy_random,0,0.9465573690853678,0.9465573690853678,0.0
ISE_proxy,donor,positive,3,0.9492501287314786,0.13923388070242812,0.8100162480290505
ISE_proxy,donor,positive,3,0.8835205072825336,0.03377170800148847,0.8497487992810452
ISE_proxy,non_splice,hard_gtag,0,0.8802111400258135,0.8802111400258135,0.0
ISE_proxy,non_splice,hard_gtag,1,0.7850587162930143,0.7850587162930143,0.0
ISE_proxy,non_splice,hard_gtag,0,0.791191817603071,0.791191817603071,0.0
ISE_proxy,donor,positive,2,0.6831429765132153,0.12663390376362654,0.5565090727495887
ISE_proxy,donor,positive,3,0.9358120163116972,0.3127217303225843,0.6230902859891129
ISE_proxy,non_splice,easy_random,0,0.9747628410056444,0.9747628410056444,0.0
ISE_proxy,non_splice,easy_random,0,0.9323558217305957,0.9323558217305957,0.0
ISE_proxy,non_splice,hard_gtag,0,0.7611469239997818,0.7611469239997818,0.0
ISE_proxy,donor,positive,4,0.8401351477854242,0.12182474430546619,0.718310403479958
ISE_proxy,acceptor,positive,0,0.9284402052728206,0.9284402052728206,0.0
ISE_proxy,acceptor,positive,0,0.8735184963207989,0.8735184963207989,0.0
ISE_proxy,non_splice,easy_random,0,0.9897208141784739,0.9897208141784739,0.0
ISE_proxy,non_splice,easy_random,0,0.9718797085360913,0.9718797085360913,0.0
ISE_proxy,acceptor,positive,0,0.92287634834496,0.92287634834496,0.0
ISE_proxy,non_splice,easy_random,1,0.9346109000812626,0.9346109000812626,0.0
ISE_proxy,acceptor,positive,1,0.9442430880865461,0.9442430880865461,0.0
ISE_proxy,acceptor,positive,3,0.9020715272567964,0.9087383526065063,-0.0066668253497098595
ISE_proxy,donor,positive,2,0.6527798062111587,0.1377817834327973,0.5149980227783615
ISE_proxy,acceptor,positive,2,0.9390157691175717,0.88435788049851,0.05465788861906162
ISE_proxy,non_splice,hard_gtag,0,0.6747119790757026,0.6747119790757026,0.0
ISE_proxy,non_splice,hard_gtag,0,0.6957689063463979,0.6957689063463979,0.0
ISE_proxy,non_splice,hard_gtag,0,0.7973998806708341,0.7973998806708341,0.0
ISE_proxy,acceptor,positive,0,0.9486001052787254,0.9486001052787254,0.0
ISE_proxy,acceptor,positive,0,0.9385535977379629,0.9385535977379629,0.0
ISE_proxy,acceptor,positive,1,0.9155487633349316,0.9155487633349316,0.0
ISE_proxy,donor,positive,2,0.9306002357101458,0.17642080955394202,0.7541794261562038
ISE_proxy,donor,positive,4,0.9210374026809833,0.1567783027278438,0.7642590999531396
ISE_proxy,non_splice,easy_random,1,0.7135405214676601,0.7174162016298767,-0.0038756801622166215
ISE_proxy,acceptor,positive,0,0.9370868975499422,0.9370868975499422,0.0
ISE_proxy,donor,positive,4,0.9378467276568184,0.058103883169355046,0.8797428444874634
ISE_proxy,acceptor,positive,0,0.9385410010595041,0.9385410010595041,0.0
ISE_proxy,donor,positive,2,0.9377846638570244,0.04688558056616022,0.8908990832908642
ISE_proxy,acceptor,positive,0,0.8227902061463288,0.8227902061463288,0.0
ISE_proxy,donor,positive,2,0.9314517876602477,0.03164192694544273,0.899809860714805
ISE_proxy,acceptor,positive,0,0.9228962276470377,0.9228962276470377,0.0
ISE_proxy,acceptor,positive,2,0.8575210793732062,0.8555071904843173,0.0020138888888888706
ISE_proxy,non_splice,hard_gtag,1,0.7694985148738204,0.7694985148738204,0.0
ISE_proxy,donor,positive,5,0.8290071083847537,0.09311851162343893,0.7358885967613147
ISE_proxy,acceptor,positive,1,0.9361074267239193,0.9361074267239193,0.0
ISE_proxy,donor,positive,2,0.926905957646918,0.06869972709513004,0.8582062305517879
ISE_proxy,acceptor,positive,2,0.929082462406955,0.9366525396462546,-0.0075700772392995885
ISE_proxy,non_splice,easy_random,0,0.9489492988694682,0.9489492988694682,0.0
ISE_proxy,acceptor,positive,1,0.9456085397168875,0.9456085397168875,0.0
ISE_proxy,non_splice,hard_gtag,0,0.8944664238670088,0.8944664238670088,0.0
ISE_proxy,donor,positive,2,0.8441482948513184,0.01649592137665334,0.827652373474665
ISE_proxy,donor,positive,3,0.8933827306157348,0.0163166185743901,0.8770661120413447
ISE_proxy,donor,positive,2,0.9322505104230404,0.113709533459901,0.8185409769631394
ISE_proxy,acceptor,positive,0,0.9367834995363222,0.9367834995363222,0.0
ISE_proxy,donor,positive,4,0.907609229815354,0.14145520205097248,0.7661540277643815
ISE_proxy,non_splice,easy_random,0,0.9671132668174172,0.9671132668174172,0.0
ISE_proxy,acceptor,positive,0,0.9046365724290601,0.9046365724290601,0.0
ISE_proxy,donor,positive,2,0.930495009796197,0.1378053611615202,0.7926896486346768
ISE_proxy,acceptor,positive,0,0.6222959850186304,0.6222959850186304,0.0
ISE_proxy,donor,positive,3,0.9464748403792327,0.21339151535381537,0.7330833250254173
ISE_proxy,donor,positive,3,0.9469267542131125,0.08373093515309905,0.8631958190600134
ISE_proxy,non_splice,hard_gtag,0,0.6698212675024492,0.6698212675024492,0.0
ISE_proxy,acceptor,positive,2,0.8299628431725924,0.7990003607479608,0.03096248242463162
ISE_proxy,donor,positive,3,0.9436214838037472,0.09600973883326121,0.847611744970486
ESS_proxy,donor,positive,2,0.9393782373714995,0.9393782373714995,0.0
ESS_proxy,donor,positive,0,0.8912227829619342,0.8912227829619342,0.0
ESS_proxy,acceptor,positive,0,0.9446665387719605,0.9446665387719605,0.0
ESS_proxy,acceptor,positive,0,0.924799700332446,0.924799700332446,0.0
ESS_proxy,non_splice,hard_gtag,0,0.7711146790405305,0.7711146790405305,0.0
ESS_proxy,acceptor,positive,0,0.9358632570426072,0.9358632570426072,0.0
ESS_proxy,non_splice,hard_gtag,1,0.7540190191124782,0.7540190191124782,0.0
ESS_proxy,non_splice,hard_gtag,1,0.8152595471793574,0.8102013892695207,0.005058157909836769
ESS_proxy,non_splice,easy_random,3,0.9698060219170269,0.9586519049437076,0.011154116973319361
ESS_proxy,donor,positive,0,0.8930023173333586,0.8930023173333586,0.0
ESS_proxy,non_splice,easy_random,3,0.9218166746593399,0.9142204481300048,0.007596226529335115
ESS_proxy,donor,positive,0,0.9494176536414264,0.9494176536414264,0.0
ESS_proxy,donor,positive,0,0.8712827405157718,0.8712827405157718,0.0
ESS_proxy,acceptor,positive,0,0.9298431178136222,0.9298431178136222,0.0
ESS_proxy,non_splice,hard_gtag,1,0.8264705868344615,0.8271968690031766,-0.0007262821687150645
ESS_proxy,donor,positive,2,0.9065745827615419,0.9065745827615419,0.0
ESS_proxy,donor,positive,0,0.9503109327779399,0.9503109327779399,0.0
ESS_proxy,non_splice,hard_gtag,0,0.9265262527375074,0.9265262527375074,0.0
ESS_proxy,acceptor,positive,0,0.9404665609131194,0.9404665609131194,0.0
ESS_proxy,non_splice,hard_gtag,0,0.8516789251208683,0.8516789251208683,0.0
ESS_proxy,acceptor,positive,1,0.926637143179992,0.926637143179992,0.0
ESS_proxy,acceptor,positive,0,0.8750757784978116,0.8750757784978116,0.0
ESS_proxy,non_splice,hard_gtag,0,0.893064767062759,0.893064767062759,0.0
ESS_proxy,acceptor,positive,0,0.9354500500313909,0.9354500500313909,0.0
ESS_proxy,non_splice,hard_gtag,0,0.7552282620525945,0.7552282620525945,0.0
ESS_proxy,acceptor,positive,0,0.9267675018958983,0.9267675018958983,0.0
ESS_proxy,donor,positive,0,0.8746306427956783,0.8746306427956783,0.0
ESS_proxy,donor,positive,0,0.9445996851772864,0.9445996851772864,0.0
ESS_proxy,non_splice,hard_gtag,0,0.7885321404577451,0.7885321404577451,0.0
ESS_proxy,non_splice,hard_gtag,0,0.8718813426104358,0.8718813426104358,0.0
ESS_proxy,donor,positive,0,0.9197346948337896,0.9197346948337896,0.0
ESS_proxy,non_splice,easy_random,3,0.9386818411030897,0.9337579553341007,0.004923885768989056
ESS_proxy,acceptor,positive,0,0.8635098966189491,0.8635098966189491,0.0
ESS_proxy,acceptor,positive,0,0.9529189952836725,0.9529189952836725,0.0
ESS_proxy,donor,positive,0,0.9423895081935946,0.9423895081935946,0.0
ESS_proxy,non_splice,hard_gtag,0,0.7960899086061471,0.7960899086061471,0.0
ESS_proxy,donor,positive,0,0.9312090877902819,0.9312090877902819,0.0
ESS_proxy,non_splice,easy_random,2,0.9710752329421054,0.9287183361179718,0.04235689682413357
ESS_proxy,acceptor,positive,0,0.9479230270005443,0.9479230270005443,0.0
ESS_proxy,non_splice,hard_gtag,1,0.8468881481326235,0.8468881481326235,0.0
ESS_proxy,acceptor,positive,0,0.9272708751437846,0.9272708751437846,0.0
ESS_proxy,acceptor,positive,0,0.9375973772640441,0.9375973772640441,0.0
ESS_proxy,non_splice,hard_gtag,0,0.7501206542720521,0.7501206542720521,0.0
ESS_proxy,non_splice,hard_gtag,0,0.8076200833322383,0.8076200833322383,0.0
ESS_proxy,non_splice,hard_gtag,0,0.8645938685707867,0.8645938685707867,0.0
ESS_proxy,donor,positive,0,0.9086365116954673,0.9086365116954673,0.0
ESS_proxy,donor,positive,0,0.9219355324491099,0.9219355324491099,0.0
ESS_proxy,acceptor,positive,0,0.9489949032254524,0.9489949032254524,0.0
ESS_proxy,acceptor,positive,0,0.9197658925033166,0.9197658925033166,0.0
ESS_proxy,non_splice,hard_gtag,0,0.8231086530712564,0.8231086530712564,0.0
ESS_proxy,donor,positive,0,0.938147411724665,0.938147411724665,0.0
ESS_proxy,non_splice,hard_gtag,4,0.8308225952637049,0.8395326296210819,-0.008710034357376939
ESS_proxy,donor,positive,2,0.9250787777877145,0.9250787777877145,0.0
ESS_proxy,non_splice,hard_gtag,0,0.8297095610851276,0.8297095610851276,0.0
ESS_proxy,donor,positive,0,0.9473956548320903,0.9473956548320903,0.0
ESS_proxy,acceptor,positive,1,0.9347323593461269,0.9347323593461269,0.0
ESS_proxy,non_splice,hard_gtag,0,0.7956264032320608,0.7956264032320608,0.0
ESS_proxy,donor,positive,2,0.8591675180566245,0.89801765837957,-0.03885014032294554
ESS_proxy,non_splice,hard_gtag,0,0.8000371674224211,0.8000371674224211,0.0
ESS_proxy,acceptor,positive,1,0.925008334384107,0.925008334384107,0.0
ESS_proxy,acceptor,positive,0,0.9385763806078291,0.9385763806078291,0.0
ESS_proxy,donor,positive,0,0.908123065609249,0.908123065609249,0.0
ESS_proxy,non_splice,hard_gtag,0,0.7878320426130128,0.7878320426130128,0.0
ESS_proxy,non_splice,hard_gtag,0,0.7184784399146913,0.7184784399146913,0.0
ESS_proxy,non_splice,hard_gtag,0,0.7959613067682026,0.7959613067682026,0.0
ESS_proxy,acceptor,positive,1,0.9183547463951309,0.9183547463951309,0.0
ESS_proxy,non_splice,easy_random,3,0.9521736329776864,0.9386078189012271,0.013565814076459293
ESS_proxy,non_splice,hard_gtag,0,0.7518212142084245,0.7518212142084245,0.0
ESS_proxy,non_splice,easy_random,4,0.9891858080243587,0.9419745202540086,0.04721128777035011
ESS_proxy,donor,positive,0,0.8670962981989829,0.8670962981989829,0.0
ESS_proxy,donor,positive,1,0.9102146806817601,0.9102146806817601,0.0
ESS_proxy,acceptor,positive,1,0.9259044960042555,0.9246338024919513,0.001270693512304244
ESS_proxy,acceptor,positive,0,0.9196006536090028,0.9196006536090028,0.0
ESS_proxy,donor,positive,0,0.9034794493141326,0.9034794493141326,0.0
ESS_proxy,acceptor,positive,0,0.9313580475821013,0.9313580475821013,0.0
ESS_proxy,non_splice,hard_gtag,0,0.7105521054153819,0.7105521054153819,0.0
ESS_proxy,non_splice,hard_gtag,0,0.7993991334952447,0.7993991334952447,0.0
ESS_proxy,donor,positive,0,0.9480333676536532,0.9480333676536532,0.0
ESS_proxy,donor,positive,0,0.8633027321120417,0.8633027321120417,0.0
ESS_proxy,acceptor,positive,0,0.9382099097830796,0.9382099097830796,0.0
ESS_proxy,acceptor,positive,0,0.9473118430048575,0.9473118430048575,0.0
ESS_proxy,non_splice,easy_random,5,0.9829572782145971,0.9737528668637786,0.009204411350818509
ESS_proxy,donor,positive,0,0.9342878958745233,0.9342878958745233,0.0
ESS_proxy,acceptor,positive,0,0.928724495881201,0.928724495881201,0.0
ESS_proxy,acceptor,positive,0,0.941654862169146,0.941654862169146,0.0
ESS_proxy,acceptor,positive,0,0.9220177140116084,0.9220177140116084,0.0
ESS_proxy,acceptor,positive,2,0.8757471859905713,0.8757471859905713,0.0
ESS_proxy,acceptor,positive,2,0.9363663183865881,0.9342961429479916,0.0020701754385965554
ESS_proxy,donor,positive,0,0.9353335077350249,0.9353335077350249,0.0
ESS_proxy,donor,positive,0,0.9398605290215256,0.9398605290215256,0.0
ESS_proxy,donor,positive,0,0.9016377623945538,0.9016377623945538,0.0
ESS_proxy,non_splice,easy_random,3,0.9330533180301592,0.933697696263192,-0.0006443782330327608
ESS_proxy,non_splice,hard_gtag,0,0.7499171889399985,0.7499171889399985,0.0
ESS_proxy,donor,positive,0,0.8877627153470882,0.8877627153470882,0.0
ESS_proxy,acceptor,positive,0,0.9135190657598943,0.9135190657598943,0.0
ESS_proxy,acceptor,positive,0,0.9502185988829117,0.9502185988829117,0.0
ESS_proxy,acceptor,positive,1,0.9271398568576957,0.9271398568576957,0.0
ESS_proxy,non_splice,easy_random,3,0.9703932002665622,0.9683489186516437,0.0020442816149184306
ESS_proxy,non_splice,easy_random,2,0.9784619486108548,0.9753404523945057,0.003121496216349051
ESS_proxy,non_splice,hard_gtag,0,0.7950726445003304,0.7950726445003304,0.0
ESS_proxy,donor,positive,2,0.9192580485880535,0.9192580485880535,0.0
ESS_proxy,donor,positive,0,0.9315241232511318,0.9315241232511318,0.0
ESS_proxy,non_splice,easy_random,3,0.9501562888807485,0.9404699826173525,0.00968630626339606
ESS_proxy,acceptor,positive,0,0.9167160291965913,0.9167160291965913,0.0
ESS_proxy,acceptor,positive,0,0.8315470893092608,0.8315470893092608,0.0
ESS_proxy,donor,positive,0,0.9501741676412734,0.9501741676412734,0.0
ESS_proxy,donor,positive,0,0.9104614186495821,0.9104614186495821,0.0
ESS_proxy,donor,positive,1,0.8978854080533248,0.8959268384980422,0.0019585695552826188
ESS_proxy,non_splice,hard_gtag,0,0.6817081938929052,0.6817081938929052,0.0
ESS_proxy,non_splice,easy_random,5,0.9603730851065058,0.9483951906883942,0.01197789441811159
ESS_proxy,donor,positive,2,0.8333254255022335,0.829562416868773,0.003763008633460574
ESS_proxy,non_splice,easy_random,4,0.976849669633316,0.9805829443944974,-0.00373327476118146
ESS_proxy,donor,positive,2,0.8816333211037657,0.8944464065474431,-0.01281308544367743
ESS_proxy,acceptor,positive,0,0.947998937819483,0.947998937819483,0.0
ESS_proxy,donor,positive,2,0.8484538416815552,0.8484538416815552,0.0
ESS_proxy,donor,positive,0,0.9321071979297145,0.9321071979297145,0.0
ESS_proxy,acceptor,positive,0,0.9053086587600961,0.9053086587600961,0.0
ESS_proxy,non_splice,hard_gtag,0,0.7542051896835902,0.7542051896835902,0.0
ESS_proxy,donor,positive,0,0.8948217507016715,0.8948217507016715,0.0
ESS_proxy,donor,positive,1,0.920434889667544,0.9261702876553306,-0.00573539798778655
ESS_proxy,non_splice,hard_gtag,0,0.8593135877048259,0.8593135877048259,0.0
ESS_proxy,acceptor,positive,0,0.9234860006993256,0.9234860006993256,0.0
ESS_proxy,acceptor,positive,0,0.9352034841972853,0.9352034841972853,0.0
ESS_proxy,acceptor,positive,0,0.9270356929483774,0.9270356929483774,0.0
ESS_proxy,donor,positive,0,0.9247684219417157,0.9247684219417157,0.0
ESS_proxy,non_splice,easy_random,3,0.9272943053234635,0.9211123098359482,0.006181995487515302
ESS_proxy,donor,positive,0,0.9492657770930509,0.9492657770930509,0.0
ESS_proxy,non_splice,hard_gtag,0,0.8360949757302197,0.8360949757302197,0.0
ESS_proxy,donor,positive,0,0.8999693875818076,0.8999693875818076,0.0
ESS_proxy,donor,positive,0,0.9469160267856078,0.9469160267856078,0.0
ESS_proxy,donor,positive,0,0.9252126058092056,0.9252126058092056,0.0
ESS_proxy,donor,positive,0,0.9080031628883668,0.9080031628883668,0.0
ESS_proxy,acceptor,positive,0,0.9431119006024665,0.9431119006024665,0.0
ESS_proxy,donor,positive,1,0.889748777221546,0.889748777221546,0.0
ESS_proxy,donor,positive,0,0.9487368110906078,0.9487368110906078,0.0
ESS_proxy,non_splice,hard_gtag,0,0.8168836689276942,0.8168836689276942,0.0
ESS_proxy,acceptor,positive,0,0.9399898499000877,0.9399898499000877,0.0
ESS_proxy,non_splice,easy_random,5,0.8556837096594515,0.8548099694749424,0.0008737401845091419
ESS_proxy,donor,positive,2,0.8417631677698014,0.8417631677698014,0.0
ESS_proxy,non_splice,hard_gtag,0,0.8622392190647084,0.8622392190647084,0.0
ESS_proxy,non_splice,easy_random,2,0.810613294310753,0.8475783469009286,-0.03696505259017557
ESS_proxy,non_splice,hard_gtag,0,0.7895579554071531,0.7895579554071531,0.0
ESS_proxy,donor,positive,0,0.9507070074845315,0.9507070074845315,0.0
ESS_proxy,non_splice,hard_gtag,1,0.8301087963380513,0.808647034144238,0.02146176219381335
ESS_proxy,donor,positive,1,0.9032167432259467,0.9125909535591421,-0.00937421033319541
ESS_proxy,non_splice,easy_random,2,0.9117457555201385,0.9183813229327606,-0.0066355674126221675
ESS_proxy,acceptor,positive,0,0.9336998247240034,0.9336998247240034,0.0
ESS_proxy,donor,positive,1,0.9386889784541855,0.9386889784541855,0.0
ESS_proxy,donor,positive,0,0.923588336819802,0.923588336819802,0.0
ESS_proxy,donor,positive,0,0.8954773508002211,0.8954773508002211,0.0
ESS_proxy,acceptor,positive,1,0.9365452824592019,0.9365452824592019,0.0
ESS_proxy,non_splice,easy_random,4,0.9407426068258508,0.926036878920749,0.014705727905101718
ESS_proxy,donor,positive,0,0.9332326418480337,0.9332326418480337,0.0
ESS_proxy,acceptor,positive,0,0.9267308235392592,0.9267308235392592,0.0
ESS_proxy,donor,positive,0,0.943014247836908,0.943014247836908,0.0
ESS_proxy,donor,positive,0,0.9367871740100217,0.9367871740100217,0.0
ESS_proxy,acceptor,positive,0,0.9424074087919121,0.9424074087919121,0.0
ESS_proxy,non_splice,hard_gtag,1,0.8037289232696875,0.8056587478310909,-0.0019298245614034482
ESS_proxy,acceptor,positive,0,0.9515114035807483,0.9515114035807483,0.0
ESS_proxy,non_splice,hard_gtag,0,0.7384563598384318,0.7384563598384318,0.0
ESS_proxy,non_splice,hard_gtag,0,0.8678945688496,0.8678945688496,0.0
ESS_proxy,non_splice,hard_gtag,1,0.8395108825600455,0.8395108825600455,0.0
ESS_proxy,non_splice,hard_gtag,0,0.8186008564531332,0.8186008564531332,0.0
ESS_proxy,donor,positive,0,0.9369357956773536,0.9369357956773536,0.0
ESS_proxy,non_splice,hard_gtag,0,0.8052956711848611,0.8052956711848611,0.0
ESS_proxy,acceptor,positive,0,0.883373866049565,0.883373866049565,0.0
ESS_proxy,donor,positive,1,0.9361697527651436,0.9361697527651436,0.0
ESS_proxy,acceptor,positive,0,0.9048044777784062,0.9048044777784062,0.0
ESS_proxy,donor,positive,0,0.9203622938058873,0.9203622938058873,0.0
ESS_proxy,donor,positive,0,0.9208567007580815,0.9208567007580815,0.0
ESS_proxy,donor,positive,0,0.9425142771544376,0.9425142771544376,0.0
ESS_proxy,donor,positive,0,0.9323949696253564,0.9323949696253564,0.0
ESS_proxy,acceptor,positive,0,0.9267369792852886,0.9267369792852886,0.0
ESS_proxy,acceptor,positive,0,0.9512633719919338,0.9512633719919338,0.0
ESS_proxy,non_splice,easy_random,3,0.9532206450079391,0.9416705777627659,0.011550067245173268
ESS_proxy,non_splice,hard_gtag,0,0.7513098943650885,0.7513098943650885,0.0
ESS_proxy,donor,positive,0,0.9397184998733404,0.9397184998733404,0.0
ESS_proxy,non_splice,hard_gtag,0,0.7413883253429162,0.7413883253429162,0.0
ESS_proxy,non_splice,easy_random,3,0.9505085272255067,0.9392699893090247,0.011238537916481994
ESS_proxy,donor,positive,0,0.9189029150014384,0.9189029150014384,0.0
ESS_proxy,non_splice,hard_gtag,0,0.6425702111570593,0.6425702111570593,0.0
ESS_proxy,non_splice,hard_gtag,0,0.8488468646750889,0.8488468646750889,0.0
ESS_proxy,acceptor,positive,0,0.9411854177225198,0.9411854177225198,0.0
ESS_proxy,acceptor,positive,0,0.868277307375483,0.868277307375483,0.0
ESS_proxy,donor,positive,0,0.9318483508228086,0.9318483508228086,0.0
ESS_proxy,non_splice,easy_random,3,0.9823715943452875,0.932982026756731,0.049389567588556504
ESS_proxy,donor,positive,0,0.923842559268013,0.923842559268013,0.0
ESS_proxy,acceptor,positive,0,0.9491500297318805,0.9491500297318805,0.0
ESS_proxy,acceptor,positive,0,0.9373655695651021,0.9373655695651021,0.0
ESS_proxy,non_splice,hard_gtag,0,0.8753072218502624,0.8753072218502624,0.0
ESS_proxy,non_splice,hard_gtag,4,0.4990178582513665,0.4990178582513665,0.0
ESS_proxy,acceptor,positive,0,0.9378520004632298,0.9378520004632298,0.0
ESS_proxy,acceptor,positive,0,0.9396264903346048,0.9396264903346048,0.0
ESS_proxy,non_splice,easy_random,4,0.9539058365032358,0.9150245285190955,0.038881307984140245
ESS_proxy,donor,positive,0,0.9469966537412458,0.9469966537412458,0.0
ESS_proxy,donor,positive,0,0.9028424252485994,0.9028424252485994,0.0
ESS_proxy,donor,positive,1,0.939244523146465,0.939244523146465,0.0
ESS_proxy,acceptor,positive,0,0.881127523793284,0.881127523793284,0.0
ESS_proxy,donor,positive,0,0.9370462416721032,0.9370462416721032,0.0
ESS_proxy,non_splice,hard_gtag,0,0.7784966904297026,0.7784966904297026,0.0
ESS_proxy,acceptor,positive,0,0.9351847546898046,0.9351847546898046,0.0
ESS_proxy,non_splice,hard_gtag,0,0.8518246079751796,0.8518246079751796,0.0
ESS_proxy,non_splice,hard_gtag,3,0.8885948579949611,0.8885948579949611,0.0
ESS_proxy,acceptor,positive,0,0.9127457410801907,0.9127457410801907,0.0
ESS_proxy,non_splice,easy_random,4,0.9875010758497986,0.9913745030320589,-0.0038734271822602473
ESS_proxy,acceptor,positive,0,0.9497510854732799,0.9497510854732799,0.0
ESS_proxy,acceptor,positive,0,0.9423857617850189,0.9423857617850189,0.0
ESS_proxy,acceptor,positive,0,0.9209643757305082,0.9209643757305082,0.0
ESS_proxy,acceptor,positive,0,0.9350152806580759,0.9350152806580759,0.0
ESS_proxy,non_splice,easy_random,3,0.9836247491086308,0.9760151254233282,0.007609623685302602
ESS_proxy,non_splice,hard_gtag,0,0.35624960615283097,0.35624960615283097,0.0
ESS_proxy,donor,positive,1,0.9153799107173847,0.9278657853026153,-0.01248587458523065
ESS_proxy,donor,positive,0,0.9505788216819182,0.9505788216819182,0.0
ESS_proxy,non_splice,hard_gtag,2,0.8090468471792036,0.8090468471792036,0.0
ESS_proxy,non_splice,hard_gtag,0,0.7680270037441659,0.7680270037441659,0.0
ESS_proxy,non_splice,hard_gtag,0,0.5662744200979677,0.5662744200979677,0.0
ESS_proxy,acceptor,positive,0,0.9399318241210098,0.9399318241210098,0.0
ESS_proxy,acceptor,positive,3,0.9360274618026101,0.9360274618026101,0.0
ESS_proxy,donor,positive,0,0.847055310519589,0.847055310519589,0.0
ESS_proxy,acceptor,positive,0,0.928726177950493,0.928726177950493,0.0
ESS_proxy,acceptor,positive,0,0.8936107512461782,0.8936107512461782,0.0
ESS_proxy,acceptor,positive,0,0.9486463815014607,0.9486463815014607,0.0
ESS_proxy,non_splice,hard_gtag,2,0.75505117698939,0.75505117698939,0.0
ESS_proxy,non_splice,hard_gtag,0,0.8520492268735133,0.8520492268735133,0.0
ESS_proxy,non_splice,easy_random,4,0.9465573690853678,0.9345573690853678,0.01200000000000001
ESS_proxy,donor,positive,0,0.9492501287314786,0.9492501287314786,0.0
ESS_proxy,donor,positive,0,0.8835205072825336,0.8835205072825336,0.0
ESS_proxy,non_splice,hard_gtag,0,0.8802111400258135,0.8802111400258135,0.0
ESS_proxy,non_splice,hard_gtag,0,0.7850587162930143,0.7850587162930143,0.0
ESS_proxy,non_splice,hard_gtag,0,0.791191817603071,0.791191817603071,0.0
ESS_proxy,donor,positive,1,0.6831429765132153,0.6831429765132153,0.0
ESS_proxy,donor,positive,0,0.9358120163116972,0.9358120163116972,0.0
ESS_proxy,non_splice,easy_random,2,0.9747628410056444,0.9713639198280994,0.0033989211775449224
ESS_proxy,non_splice,easy_random,2,0.9323558217305957,0.9399256660514462,-0.007569844320850505
ESS_proxy,non_splice,hard_gtag,0,0.7611469239997818,0.7611469239997818,0.0
ESS_proxy,donor,positive,0,0.8401351477854242,0.8401351477854242,0.0
ESS_proxy,acceptor,positive,0,0.9284402052728206,0.9284402052728206,0.0
ESS_proxy,acceptor,positive,0,0.8735184963207989,0.8735184963207989,0.0
ESS_proxy,non_splice,easy_random,2,0.9897208141784739,0.9883546224921032,0.0013661916863707546
ESS_proxy,non_splice,easy_random,2,0.9718797085360913,0.9717416467948619,0.00013806174122943382
ESS_proxy,acceptor,positive,0,0.92287634834496,0.92287634834496,0.0
ESS_proxy,non_splice,easy_random,3,0.9346109000812626,0.954879380604355,-0.02026848052309238
ESS_proxy,acceptor,positive,0,0.9442430880865461,0.9442430880865461,0.0
ESS_proxy,acceptor,positive,1,0.9020715272567964,0.9020715272567964,0.0
ESS_proxy,donor,positive,0,0.6527798062111587,0.6527798062111587,0.0
ESS_proxy,acceptor,positive,1,0.9390157691175717,0.9390157691175717,0.0
ESS_proxy,non_splice,hard_gtag,0,0.6747119790757026,0.6747119790757026,0.0
ESS_proxy,non_splice,hard_gtag,1,0.6957689063463979,0.6957689063463979,0.0
ESS_proxy,non_splice,hard_gtag,1,0.7973998806708341,0.7973998806708341,0.0
ESS_proxy,acceptor,positive,1,0.9486001052787254,0.950166501630994,-0.0015663963522686286
ESS_proxy,acceptor,positive,0,0.9385535977379629,0.9385535977379629,0.0
ESS_proxy,acceptor,positive,1,0.9155487633349316,0.9155487633349316,0.0
ESS_proxy,donor,positive,0,0.9306002357101458,0.9306002357101458,0.0
ESS_proxy,donor,positive,0,0.9210374026809833,0.9210374026809833,0.0
ESS_proxy,non_splice,easy_random,3,0.7135405214676601,0.7324002279981616,-0.018859706530501508
ESS_proxy,acceptor,positive,0,0.9370868975499422,0.9370868975499422,0.0
ESS_proxy,donor,positive,0,0.9378467276568184,0.9378467276568184,0.0
ESS_proxy,acceptor,positive,0,0.9385410010595041,0.9385410010595041,0.0
ESS_proxy,donor,positive,0,0.9377846638570244,0.9377846638570244,0.0
ESS_proxy,acceptor,positive,0,0.8227902061463288,0.8227902061463288,0.0
ESS_proxy,donor,positive,2,0.9314517876602477,0.9325133831809741,-0.0010615955207263772
ESS_proxy,acceptor,positive,0,0.9228962276470377,0.9228962276470377,0.0
ESS_proxy,acceptor,positive,0,0.8575210793732062,0.8575210793732062,0.0
ESS_proxy,non_splice,hard_gtag,0,0.7694985148738204,0.7694985148738204,0.0
ESS_proxy,donor,positive,0,0.8290071083847537,0.8290071083847537,0.0
ESS_proxy,acceptor,positive,0,0.9361074267239193,0.9361074267239193,0.0
ESS_proxy,donor,positive,1,0.926905957646918,0.7136568057516464,0.2132491518952716
ESS_proxy,acceptor,positive,2,0.929082462406955,0.929082462406955,0.0
ESS_proxy,non_splice,easy_random,4,0.9489492988694682,0.9227430301591593,0.026206268710308955
ESS_proxy,acceptor,positive,0,0.9456085397168875,0.9456085397168875,0.0
ESS_proxy,non_splice,hard_gtag,0,0.8944664238670088,0.8944664238670088,0.0
ESS_proxy,donor,positive,0,0.8441482948513184,0.8441482948513184,0.0
ESS_proxy,donor,positive,0,0.8933827306157348,0.8933827306157348,0.0
ESS_proxy,donor,positive,0,0.9322505104230404,0.9322505104230404,0.0
ESS_proxy,acceptor,positive,0,0.9367834995363222,0.9367834995363222,0.0
ESS_proxy,donor,positive,0,0.907609229815354,0.907609229815354,0.0
ESS_proxy,non_splice,easy_random,4,0.9671132668174172,0.967847546893068,-0.000734280075650795
ESS_proxy,acceptor,positive,0,0.9046365724290601,0.9046365724290601,0.0
ESS_proxy,donor,positive,1,0.930495009796197,0.930495009796197,0.0
ESS_proxy,acceptor,positive,0,0.6222959850186304,0.6222959850186304,0.0
ESS_proxy,donor,positive,0,0.9464748403792327,0.9464748403792327,0.0
ESS_proxy,donor,positive,0,0.9469267542131125,0.9469267542131125,0.0
ESS_proxy,non_splice,hard_gtag,0,0.6698212675024492,0.6698212675024492,0.0
ESS_proxy,acceptor,positive,0,0.8299628431725924,0.8299628431725924,0.0
ESS_proxy,donor,positive,0,0.9436214838037472,0.9436214838037472,0.0
ISS_proxy,donor,positive,3,0.9393782373714995,0.9393782373714995,0.0
ISS_proxy,donor,positive,0,0.8912227829619342,0.8912227829619342,0.0
ISS_proxy,acceptor,positive,6,0.9446665387719605,0.1898302943850888,0.7548362443868717
ISS_proxy,acceptor,positive,5,0.924799700332446,0.0788095634115256,0.8459901369209204
ISS_proxy,non_splice,hard_gtag,0,0.7711146790405305,0.7711146790405305,0.0
ISS_proxy,acceptor,positive,6,0.9358632570426072,0.17941808386646554,0.7564451731761417
ISS_proxy,non_splice,hard_gtag,1,0.7540190191124782,0.7540190191124782,0.0
ISS_proxy,non_splice,hard_gtag,1,0.8152595471793574,0.8152595471793574,0.0
ISS_proxy,non_splice,easy_random,0,0.9698060219170269,0.9698060219170269,0.0
ISS_proxy,donor,positive,0,0.8930023173333586,0.8930023173333586,0.0
ISS_proxy,non_splice,easy_random,2,0.9218166746593399,0.9218166746593399,0.0
ISS_proxy,donor,positive,0,0.9494176536414264,0.9494176536414264,0.0
ISS_proxy,donor,positive,0,0.8712827405157718,0.8712827405157718,0.0
ISS_proxy,acceptor,positive,5,0.9298431178136222,0.2690407303686825,0.6608023874449397
ISS_proxy,non_splice,hard_gtag,2,0.8264705868344615,0.8244883488238044,0.0019822380106571114
ISS_proxy,donor,positive,0,0.9065745827615419,0.9065745827615419,0.0
ISS_proxy,donor,positive,3,0.9503109327779399,0.9435134976173648,0.006797435160575072
ISS_proxy,non_splice,hard_gtag,2,0.9265262527375074,0.9251528423328832,0.0013734104046242424
ISS_proxy,acceptor,positive,5,0.9404665609131194,0.20671980234826198,0.7337467585648574
ISS_proxy,non_splice,hard_gtag,1,0.8516789251208683,0.8516789251208683,0.0
ISS_proxy,acceptor,positive,5,0.926637143179992,0.37477553727951224,0.5518616059004797
ISS_proxy,acceptor,positive,5,0.8750757784978116,0.12624105299622573,0.7488347255015859
ISS_proxy,non_splice,hard_gtag,1,0.893064767062759,0.893064767062759,0.0
ISS_proxy,acceptor,positive,5,0.9354500500313909,0.15162307814263626,0.7838269718887547
ISS_proxy,non_splice,hard_gtag,0,0.7552282620525945,0.7552282620525945,0.0
ISS_proxy,acceptor,positive,5,0.9267675018958983,0.1753588933157067,0.7514086085801917
ISS_proxy,donor,positive,1,0.8746306427956783,0.8746306427956783,0.0
ISS_proxy,donor,positive,1,0.9445996851772864,0.9426411156220037,0.00195856955528273
ISS_proxy,non_splice,hard_gtag,0,0.7885321404577451,0.7885321404577451,0.0
ISS_proxy,non_splice,hard_gtag,1,0.8718813426104358,0.8718813426104358,0.0
ISS_proxy,donor,positive,1,0.9197346948337896,0.9347229215121473,-0.014988226678357752
ISS_proxy,non_splice,easy_random,0,0.9386818411030897,0.9386818411030897,0.0
ISS_proxy,acceptor,positive,6,0.8635098966189491,0.18635957918813295,0.6771503174308161
ISS_proxy,acceptor,positive,5,0.9529189952836725,0.23407713473701652,0.718841860546656
ISS_proxy,donor,positive,0,0.9423895081935946,0.9423895081935946,0.0
ISS_proxy,non_splice,hard_gtag,0,0.7960899086061471,0.7960899086061471,0.0
ISS_proxy,donor,positive,2,0.9312090877902819,0.9312090877902819,0.0
ISS_proxy,non_splice,easy_random,0,0.9710752329421054,0.9710752329421054,0.0
ISS_proxy,acceptor,positive,5,0.9479230270005443,0.24167958394393657,0.7062434430566078
ISS_proxy,non_splice,hard_gtag,0,0.8468881481326235,0.8468881481326235,0.0
ISS_proxy,acceptor,positive,8,0.9272708751437846,0.2270528594246464,0.7002180157191382
ISS_proxy,acceptor,positive,5,0.9375973772640441,0.24577442444998976,0.6918229528140544
ISS_proxy,non_splice,hard_gtag,0,0.7501206542720521,0.7501206542720521,0.0
ISS_proxy,non_splice,hard_gtag,1,0.8076200833322383,0.8033576504580847,0.004262432874153621
ISS_proxy,non_splice,hard_gtag,1,0.8645938685707867,0.8672474325905476,-0.0026535640197609123
ISS_proxy,donor,positive,1,0.9086365116954673,0.9075657728123977,0.001070738883069633
ISS_proxy,donor,positive,0,0.9219355324491099,0.9219355324491099,0.0
ISS_proxy,acceptor,positive,6,0.9489949032254524,0.22711290782592214,0.7218819953995304
ISS_proxy,acceptor,positive,5,0.9197658925033166,0.18507189405412142,0.7346939984491953
ISS_proxy,non_splice,hard_gtag,1,0.8231086530712564,0.8231086530712564,0.0
ISS_proxy,donor,positive,1,0.938147411724665,0.9385228194542511,-0.000375407729586108
ISS_proxy,non_splice,hard_gtag,0,0.8308225952637049,0.8308225952637049,0.0
ISS_proxy,donor,positive,2,0.9250787777877145,0.9250787777877145,0.0
ISS_proxy,non_splice,hard_gtag,1,0.8297095610851276,0.8297095610851276,0.0
ISS_proxy,donor,positive,1,0.9473956548320903,0.9473956548320903,0.0
ISS_proxy,acceptor,positive,6,0.9347323593461269,0.2646177081163774,0.6701146512297494
ISS_proxy,non_splice,hard_gtag,1,0.7956264032320608,0.7956264032320608,0.0
ISS_proxy,donor,positive,0,0.8591675180566245,0.8591675180566245,0.0
ISS_proxy,non_splice,hard_gtag,1,0.8000371674224211,0.8000371674224211,0.0
ISS_proxy,acceptor,positive,5,0.925008334384107,0.18229714367165045,0.7427111907124566
ISS_proxy,acceptor,positive,7,0.9385763806078291,0.2013767151405663,0.7371996654672628
ISS_proxy,donor,positive,4,0.908123065609249,0.9144952723905392,-0.006372206781290135
ISS_proxy,non_splice,hard_gtag,1,0.7878320426130128,0.7878320426130128,0.0
ISS_proxy,non_splice,hard_gtag,1,0.7184784399146913,0.7184784399146913,0.0
ISS_proxy,non_splice,hard_gtag,0,0.7959613067682026,0.7959613067682026,0.0
ISS_proxy,acceptor,positive,6,0.9183547463951309,0.13460137676486755,0.7837533696302634
ISS_proxy,non_splice,easy_random,0,0.9521736329776864,0.9521736329776864,0.0
ISS_proxy,non_splice,hard_gtag,0,0.7518212142084245,0.7518212142084245,0.0
ISS_proxy,non_splice,easy_random,1,0.9891858080243587,0.9918585769030772,-0.002672768878718479
ISS_proxy,donor,positive,0,0.8670962981989829,0.8670962981989829,0.0
ISS_proxy,donor,positive,3,0.9102146806817601,0.9289240975865755,-0.018709416904815312
ISS_proxy,acceptor,positive,5,0.9259044960042555,0.08567487807533095,0.8402296179289246
ISS_proxy,acceptor,positive,5,0.9196006536090028,0.11819176976982984,0.801408883839173
ISS_proxy,donor,positive,1,0.9034794493141326,0.9034794493141326,0.0
ISS_proxy,acceptor,positive,5,0.9313580475821013,0.18308288834999192,0.7482751592321093
ISS_proxy,non_splice,hard_gtag,2,0.7105521054153819,0.7048936899434939,0.005658415471888056
ISS_proxy,non_splice,hard_gtag,0,0.7993991334952447,0.7993991334952447,0.0
ISS_proxy,donor,positive,1,0.9480333676536532,0.9480333676536532,0.0
ISS_proxy,donor,positive,1,0.8633027321120417,0.8633027321120417,0.0
ISS_proxy,acceptor,positive,6,0.9382099097830796,0.2987584205848747,0.6394514891982049
ISS_proxy,acceptor,positive,6,0.9473118430048575,0.222519619061528,0.7247922239433295
ISS_proxy,non_splice,easy_random,1,0.9829572782145971,0.9829572782145971,0.0
ISS_proxy,donor,positive,1,0.9342878958745233,0.9356677905526906,-0.0013798946781672372
ISS_proxy,acceptor,positive,5,0.928724495881201,0.13509648260021298,0.793628013280988
ISS_proxy,acceptor,positive,6,0.941654862169146,0.4542630959787218,0.4873917661904242
ISS_proxy,acceptor,positive,6,0.9220177140116084,0.4964691674490624,0.425548546562546
ISS_proxy,acceptor,positive,5,0.8757471859905713,0.10689414708335078,0.7688530389072206
ISS_proxy,acceptor,positive,5,0.9363663183865881,0.09054105948212257,0.8458252589044656
ISS_proxy,donor,positive,1,0.9353335077350249,0.9393746261290397,-0.0040411183940147755
ISS_proxy,donor,positive,0,0.9398605290215256,0.9398605290215256,0.0
ISS_proxy,donor,positive,0,0.9016377623945538,0.9016377623945538,0.0
ISS_proxy,non_splice,easy_random,0,0.9330533180301592,0.9330533180301592,0.0
ISS_proxy,non_splice,hard_gtag,0,0.7499171889399985,0.7499171889399985,0.0
ISS_proxy,donor,positive,1,0.8877627153470882,0.8877627153470882,0.0
ISS_proxy,acceptor,positive,5,0.9135190657598943,0.21824081653857025,0.6952782492213241
ISS_proxy,acceptor,positive,6,0.9502185988829117,0.48879687054503757,0.46142172833787415
ISS_proxy,acceptor,positive,5,0.9271398568576957,0.3918024497835413,0.5353374070741544
ISS_proxy,non_splice,easy_random,0,0.9703932002665622,0.9703932002665622,0.0
ISS_proxy,non_splice,easy_random,0,0.9784619486108548,0.9784619486108548,0.0
ISS_proxy,non_splice,hard_gtag,1,0.7950726445003304,0.7950726445003304,0.0
ISS_proxy,donor,positive,1,0.9192580485880535,0.9192580485880535,0.0
ISS_proxy,donor,positive,0,0.9315241232511318,0.9315241232511318,0.0
ISS_proxy,non_splice,easy_random,0,0.9501562888807485,0.9501562888807485,0.0
ISS_proxy,acceptor,positive,6,0.9167160291965913,0.27273594001179957,0.6439800891847918
ISS_proxy,acceptor,positive,5,0.8315470893092608,0.27060003475103794,0.5609470545582229
ISS_proxy,donor,positive,0,0.9501741676412734,0.9501741676412734,0.0
ISS_proxy,donor,positive,1,0.9104614186495821,0.9104614186495821,0.0
ISS_proxy,donor,positive,2,0.8978854080533248,0.9118362412298818,-0.013950833176556987
ISS_proxy,non_splice,hard_gtag,3,0.6817081938929052,0.6791380384400583,0.0025701554528468895
ISS_proxy,non_splice,easy_random,1,0.9603730851065058,0.9603730851065058,0.0
ISS_proxy,donor,positive,1,0.8333254255022335,0.8333254255022335,0.0
ISS_proxy,non_splice,easy_random,1,0.976849669633316,0.976849669633316,0.0
ISS_proxy,donor,positive,0,0.8816333211037657,0.8816333211037657,0.0
ISS_proxy,acceptor,positive,6,0.947998937819483,0.3276413498791733,0.6203575879403096
ISS_proxy,donor,positive,1,0.8484538416815552,0.8484538416815552,0.0
ISS_proxy,donor,positive,0,0.9321071979297145,0.9321071979297145,0.0
ISS_proxy,acceptor,positive,6,0.9053086587600961,0.1564249071331887,0.7488837516269075
ISS_proxy,non_splice,hard_gtag,0,0.7542051896835902,0.7542051896835902,0.0
ISS_proxy,donor,positive,3,0.8948217507016715,0.8971288038355953,-0.0023070531339238753
ISS_proxy,donor,positive,0,0.920434889667544,0.920434889667544,0.0
ISS_proxy,non_splice,hard_gtag,2,0.8593135877048259,0.8593135877048259,0.0
ISS_proxy,acceptor,positive,6,0.9234860006993256,0.16607256185010433,0.7574134388492213
ISS_proxy,acceptor,positive,5,0.9352034841972853,0.20889699341318801,0.7263064907840973
ISS_proxy,acceptor,positive,7,0.9270356929483774,0.27428983104740123,0.6527458619009762
ISS_proxy,donor,positive,0,0.9247684219417157,0.9247684219417157,0.0
ISS_proxy,non_splice,easy_random,3,0.9272943053234635,0.9272943053234635,0.0
ISS_proxy,donor,positive,0,0.9492657770930509,0.9492657770930509,0.0
ISS_proxy,non_splice,hard_gtag,4,0.8360949757302197,0.8533295887338048,-0.017234613003585086
ISS_proxy,donor,positive,1,0.8999693875818076,0.9033013841902485,-0.003331996608440968
ISS_proxy,donor,positive,2,0.9469160267856078,0.9469160267856078,0.0
ISS_proxy,donor,positive,1,0.9252126058092056,0.9252126058092056,0.0
ISS_proxy,donor,positive,0,0.9080031628883668,0.9080031628883668,0.0
ISS_proxy,acceptor,positive,5,0.9431119006024665,0.41410102676122756,0.5290108738412389
ISS_proxy,donor,positive,1,0.889748777221546,0.8896728120697017,7.596515184427055e-05
ISS_proxy,donor,positive,0,0.9487368110906078,0.9487368110906078,0.0
ISS_proxy,non_splice,hard_gtag,0,0.8168836689276942,0.8168836689276942,0.0
ISS_proxy,acceptor,positive,6,0.9399898499000877,0.14806425356861813,0.7919255963314695
ISS_proxy,non_splice,easy_random,0,0.8556837096594515,0.8556837096594515,0.0
ISS_proxy,donor,positive,1,0.8417631677698014,0.8417631677698014,0.0
ISS_proxy,non_splice,hard_gtag,0,0.8622392190647084,0.8622392190647084,0.0
ISS_proxy,non_splice,easy_random,0,0.810613294310753,0.810613294310753,0.0
ISS_proxy,non_splice,hard_gtag,1,0.7895579554071531,0.7895579554071531,0.0
ISS_proxy,donor,positive,2,0.9507070074845315,0.9507070074845315,0.0
ISS_proxy,non_splice,hard_gtag,2,0.8301087963380513,0.8313735022204041,-0.0012647058823527235
ISS_proxy,donor,positive,1,0.9032167432259467,0.9032167432259467,0.0
ISS_proxy,non_splice,easy_random,3,0.9117457555201385,0.9233569885497088,-0.011611233029570345
ISS_proxy,acceptor,positive,6,0.9336998247240034,0.17999171546276202,0.7537081092612413
ISS_proxy,donor,positive,1,0.9386889784541855,0.9389899595925817,-0.00030098113839616136
ISS_proxy,donor,positive,1,0.923588336819802,0.923588336819802,0.0
ISS_proxy,donor,positive,1,0.8954773508002211,0.8954773508002211,0.0
ISS_proxy,acceptor,positive,6,0.9365452824592019,0.12793852572004027,0.8086067567391616
ISS_proxy,non_splice,easy_random,0,0.9407426068258508,0.9407426068258508,0.0
ISS_proxy,donor,positive,0,0.9332326418480337,0.9332326418480337,0.0
ISS_proxy,acceptor,positive,5,0.9267308235392592,0.6190533787347084,0.3076774448045507
ISS_proxy,donor,positive,1,0.943014247836908,0.943014247836908,0.0
ISS_proxy,donor,positive,0,0.9367871740100217,0.9367871740100217,0.0
ISS_proxy,acceptor,positive,7,0.9424074087919121,0.18949035186985375,0.7529170569220583
ISS_proxy,non_splice,hard_gtag,3,0.8037289232696875,0.8227873159931616,-0.019058392723474094
ISS_proxy,acceptor,positive,5,0.9515114035807483,0.909401812610295,0.0421095909704533
ISS_proxy,non_splice,hard_gtag,1,0.7384563598384318,0.7408665078299752,-0.0024101479915433766
ISS_proxy,non_splice,hard_gtag,0,0.8678945688496,0.8678945688496,0.0
ISS_proxy,non_splice,hard_gtag,0,0.8395108825600455,0.8395108825600455,0.0
ISS_proxy,non_splice,hard_gtag,0,0.8186008564531332,0.8186008564531332,0.0
ISS_proxy,donor,positive,0,0.9369357956773536,0.9369357956773536,0.0
ISS_proxy,non_splice,hard_gtag,1,0.8052956711848611,0.8052956711848611,0.0
ISS_proxy,acceptor,positive,7,0.883373866049565,0.09702619866560372,0.7863476673839613
ISS_proxy,donor,positive,3,0.9361697527651436,0.9361697527651436,0.0
ISS_proxy,acceptor,positive,6,0.9048044777784062,0.1958883278078292,0.7089161499705771
ISS_proxy,donor,positive,2,0.9203622938058873,0.9282529132554725,-0.007890619449585246
ISS_proxy,donor,positive,0,0.9208567007580815,0.9208567007580815,0.0
ISS_proxy,donor,positive,2,0.9425142771544376,0.9425142771544376,0.0
ISS_proxy,donor,positive,0,0.9323949696253564,0.9323949696253564,0.0
ISS_proxy,acceptor,positive,6,0.9267369792852886,0.20370622513868628,0.7230307541466023
ISS_proxy,acceptor,positive,5,0.9512633719919338,0.5399480100820319,0.4113153619099019
ISS_proxy,non_splice,easy_random,1,0.9532206450079391,0.9476508250930572,0.005569819914881924
ISS_proxy,non_splice,hard_gtag,1,0.7513098943650885,0.7513098943650885,0.0
ISS_proxy,donor,positive,0,0.9397184998733404,0.9397184998733404,0.0
ISS_proxy,non_splice,hard_gtag,0,0.7413883253429162,0.7413883253429162,0.0
ISS_proxy,non_splice,easy_random,0,0.9505085272255067,0.9505085272255067,0.0
ISS_proxy,donor,positive,0,0.9189029150014384,0.9189029150014384,0.0
ISS_proxy,non_splice,hard_gtag,0,0.6425702111570593,0.6425702111570593,0.0
ISS_proxy,non_splice,hard_gtag,0,0.8488468646750889,0.8488468646750889,0.0
ISS_proxy,acceptor,positive,6,0.9411854177225198,0.16398616340810723,0.7771992543144126
ISS_proxy,acceptor,positive,6,0.868277307375483,0.14969843525766138,0.7185788721178217
ISS_proxy,donor,positive,2,0.9318483508228086,0.9330270653722877,-0.001178714549479154
ISS_proxy,non_splice,easy_random,1,0.9823715943452875,0.9823715943452875,0.0
ISS_proxy,donor,positive,0,0.923842559268013,0.923842559268013,0.0
ISS_proxy,acceptor,positive,8,0.9491500297318805,0.18850040008067562,0.7606496296512049
ISS_proxy,acceptor,positive,7,0.9373655695651021,0.10982121283398903,0.827544356731113
ISS_proxy,non_splice,hard_gtag,2,0.8753072218502624,0.8697444398827796,0.005562781967482833
ISS_proxy,non_splice,hard_gtag,0,0.4990178582513665,0.4990178582513665,0.0
ISS_proxy,acceptor,positive,6,0.9378520004632298,0.19775130048710263,0.7401006999761272
ISS_proxy,acceptor,positive,6,0.9396264903346048,0.13988366852352907,0.7997428218110757
ISS_proxy,non_splice,easy_random,0,0.9539058365032358,0.9539058365032358,0.0
ISS_proxy,donor,positive,0,0.9469966537412458,0.9469966537412458,0.0
ISS_proxy,donor,positive,0,0.9028424252485994,0.9028424252485994,0.0
ISS_proxy,donor,positive,0,0.939244523146465,0.939244523146465,0.0
ISS_proxy,acceptor,positive,5,0.881127523793284,0.17473499016279212,0.7063925336304918
ISS_proxy,donor,positive,1,0.9370462416721032,0.9370462416721032,0.0
ISS_proxy,non_splice,hard_gtag,0,0.7784966904297026,0.7784966904297026,0.0
ISS_proxy,acceptor,positive,6,0.9351847546898046,0.1980706645286027,0.7371140901612019
ISS_proxy,non_splice,hard_gtag,1,0.8518246079751796,0.8478246079751796,0.0040000000000000036
ISS_proxy,non_splice,hard_gtag,0,0.8885948579949611,0.8885948579949611,0.0
ISS_proxy,acceptor,positive,6,0.9127457410801907,0.17591833993680311,0.7368274011433875
ISS_proxy,non_splice,easy_random,1,0.9875010758497986,0.9875010758497986,0.0
ISS_proxy,acceptor,positive,6,0.9497510854732799,0.1379130360933142,0.8118380493799657
ISS_proxy,acceptor,positive,6,0.9423857617850189,0.20147751741673972,0.7409082443682792
ISS_proxy,acceptor,positive,6,0.9209643757305082,0.1446992469100692,0.776265128820439
ISS_proxy,acceptor,positive,5,0.9350152806580759,0.24964453844515677,0.6853707422129192
ISS_proxy,non_splice,easy_random,0,0.9836247491086308,0.9836247491086308,0.0
ISS_proxy,non_splice,hard_gtag,0,0.35624960615283097,0.35624960615283097,0.0
ISS_proxy,donor,positive,0,0.9153799107173847,0.9153799107173847,0.0
ISS_proxy,donor,positive,1,0.9505788216819182,0.9505788216819182,0.0
ISS_proxy,non_splice,hard_gtag,1,0.8090468471792036,0.8090468471792036,0.0
ISS_proxy,non_splice,hard_gtag,1,0.7680270037441659,0.7680270037441659,0.0
ISS_proxy,non_splice,hard_gtag,0,0.5662744200979677,0.5662744200979677,0.0
ISS_proxy,acceptor,positive,5,0.9399318241210098,0.5201215485995694,0.41981027552144046
ISS_proxy,acceptor,positive,5,0.9360274618026101,0.16776846128506478,0.7682590005175454
ISS_proxy,donor,positive,1,0.847055310519589,0.847055310519589,0.0
ISS_proxy,acceptor,positive,6,0.928726177950493,0.13263372108817426,0.7960924568623187
ISS_proxy,acceptor,positive,7,0.8936107512461782,0.15005331031133218,0.743557440934846
ISS_proxy,acceptor,positive,7,0.9486463815014607,0.17568153588082144,0.7729648456206393
ISS_proxy,non_splice,hard_gtag,0,0.75505117698939,0.75505117698939,0.0
ISS_proxy,non_splice,hard_gtag,1,0.8520492268735133,0.8520492268735133,0.0
ISS_proxy,non_splice,easy_random,1,0.9465573690853678,0.9465573690853678,0.0
ISS_proxy,donor,positive,1,0.9492501287314786,0.9492501287314786,0.0
ISS_proxy,donor,positive,0,0.8835205072825336,0.8835205072825336,0.0
ISS_proxy,non_splice,hard_gtag,1,0.8802111400258135,0.8766464330292638,0.003564706996549649
ISS_proxy,non_splice,hard_gtag,1,0.7850587162930143,0.7850587162930143,0.0
ISS_proxy,non_splice,hard_gtag,0,0.791191817603071,0.791191817603071,0.0
ISS_proxy,donor,positive,1,0.6831429765132153,0.6831429765132153,0.0
ISS_proxy,donor,positive,2,0.9358120163116972,0.9379793275066962,-0.002167311194999022
ISS_proxy,non_splice,easy_random,2,0.9747628410056444,0.9727517504326314,0.0020110905730129636
ISS_proxy,non_splice,easy_random,2,0.9323558217305957,0.9323558217305957,0.0
ISS_proxy,non_splice,hard_gtag,2,0.7611469239997818,0.7611469239997818,0.0
ISS_proxy,donor,positive,0,0.8401351477854242,0.8401351477854242,0.0
ISS_proxy,acceptor,positive,6,0.9284402052728206,0.3944909994809354,0.5339492057918851
ISS_proxy,acceptor,positive,6,0.8735184963207989,0.0930050365564123,0.7805134597643866
ISS_proxy,non_splice,easy_random,1,0.9897208141784739,0.9897208141784739,0.0
ISS_proxy,non_splice,easy_random,0,0.9718797085360913,0.9718797085360913,0.0
ISS_proxy,acceptor,positive,5,0.92287634834496,0.28432325672576,0.6385530916192
ISS_proxy,non_splice,easy_random,0,0.9346109000812626,0.9346109000812626,0.0
ISS_proxy,acceptor,positive,5,0.9442430880865461,0.21176663521624703,0.732476452870299
ISS_proxy,acceptor,positive,6,0.9020715272567964,0.16529303668794212,0.7367784905688542
ISS_proxy,donor,positive,2,0.6527798062111587,0.660121504980965,-0.007341698769806282
ISS_proxy,acceptor,positive,5,0.9390157691175717,0.6542137127605037,0.284802056357068
ISS_proxy,non_splice,hard_gtag,1,0.6747119790757026,0.6746371096605914,7.486941511114509e-05
ISS_proxy,non_splice,hard_gtag,1,0.6957689063463979,0.6957689063463979,0.0
ISS_proxy,non_splice,hard_gtag,0,0.7973998806708341,0.7973998806708341,0.0
ISS_proxy,acceptor,positive,6,0.9486001052787254,0.3426122382640311,0.6059878670146943
ISS_proxy,acceptor,positive,5,0.9385535977379629,0.20886995096095023,0.7296836467770127
ISS_proxy,acceptor,positive,5,0.9155487633349316,0.15056110571007922,0.7649876576248524
ISS_proxy,donor,positive,0,0.9306002357101458,0.9306002357101458,0.0
ISS_proxy,donor,positive,0,0.9210374026809833,0.9210374026809833,0.0
ISS_proxy,non_splice,easy_random,1,0.7135405214676601,0.7135405214676601,0.0
ISS_proxy,acceptor,positive,8,0.9370868975499422,0.19113185688640927,0.7459550406635329
ISS_proxy,donor,positive,1,0.9378467276568184,0.9409645954737258,-0.0031178678169073715
ISS_proxy,acceptor,positive,6,0.9385410010595041,0.18705873599851736,0.7514822650609867
ISS_proxy,donor,positive,0,0.9377846638570244,0.9377846638570244,0.0
ISS_proxy,acceptor,positive,6,0.8227902061463288,0.1318806234807642,0.6909095826655646
ISS_proxy,donor,positive,1,0.9314517876602477,0.9314517876602477,0.0
ISS_proxy,acceptor,positive,6,0.9228962276470377,0.18040378965114603,0.7424924379958917
ISS_proxy,acceptor,positive,5,0.8575210793732062,0.27642429028524573,0.5810967890879605
ISS_proxy,non_splice,hard_gtag,0,0.7694985148738204,0.7694985148738204,0.0
ISS_proxy,donor,positive,1,0.8290071083847537,0.8290071083847537,0.0
ISS_proxy,acceptor,positive,6,0.9361074267239193,0.1420294230904268,0.7940780036334926
ISS_proxy,donor,positive,1,0.926905957646918,0.926905957646918,0.0
ISS_proxy,acceptor,positive,6,0.929082462406955,0.09186068449644208,0.8372217779105129
ISS_proxy,non_splice,easy_random,0,0.9489492988694682,0.9489492988694682,0.0
ISS_proxy,acceptor,positive,5,0.9456085397168875,0.2305791162100057,0.7150294235068818
ISS_proxy,non_splice,hard_gtag,1,0.8944664238670088,0.89027293147514,0.004193492391868836
ISS_proxy,donor,positive,0,0.8441482948513184,0.8441482948513184,0.0
ISS_proxy,donor,positive,1,0.8933827306157348,0.8933827306157348,0.0
ISS_proxy,donor,positive,0,0.9322505104230404,0.9322505104230404,0.0
ISS_proxy,acceptor,positive,6,0.9367834995363222,0.17049876318523233,0.7662847363510898
ISS_proxy,donor,positive,0,0.907609229815354,0.907609229815354,0.0
ISS_proxy,non_splice,easy_random,0,0.9671132668174172,0.9671132668174172,0.0
ISS_proxy,acceptor,positive,5,0.9046365724290601,0.1812041017459096,0.7234324706831505
ISS_proxy,donor,positive,4,0.930495009796197,0.9284187375350967,0.002076272261100298
ISS_proxy,acceptor,positive,5,0.6222959850186304,0.19416914630226825,0.42812683871636215
ISS_proxy,donor,positive,0,0.9464748403792327,0.9464748403792327,0.0
ISS_proxy,donor,positive,1,0.9469267542131125,0.9469267542131125,0.0
ISS_proxy,non_splice,hard_gtag,1,0.6698212675024492,0.6698212675024492,0.0
ISS_proxy,acceptor,positive,7,0.8299628431725924,0.26007454385981293,0.5698882993127794
ISS_proxy,donor,positive,0,0.9436214838037472,0.9436214838037472,0.0
