relative_position,alt_base,importance
-50,A,-0.00039833784103393555
-50,C,0.0
-50,G,-0.00019866228103637695
-50,T,-0.00012117624282836914
-49,A,-0.0005226731300354004
-49,C,0.0
-49,G,-0.0004324913024902344
-49,T,-0.0003148317337036133
-48,A,3.987550735473633e-05
-48,C,0.0
-48,G,1.0907649993896484e-05
-48,T,-2.9802322387695312e-06
-47,A,-0.0002276897430419922
-47,C,-0.0001971125602722168
-47,G,-7.95125961303711e-05
-47,T,0.0
-46,A,-0.00024187564849853516
-46,C,-0.00016444921493530273
-46,G,0.0
-46,T,-0.00012385845184326172
-45,A,-9.250640869140625e-05
-45,C,0.0
-45,G,-1.5497207641601562e-06
-45,T,0.0001556873321533203
-44,A,-0.00020951032638549805
-44,C,-8.83936882019043e-05
-44,G,0.0
-44,T,-9.691715240478516e-05
-43,A,0.0
-43,C,3.5822391510009766e-05
-43,G,-0.00010633468627929688
-43,T,7.611513137817383e-05
-42,A,0.0
-42,C,-2.5153160095214844e-05
-42,G,-0.0002855658531188965
-42,T,-0.00011599063873291016
-41,A,-0.0001723170280456543
-41,C,-4.6193599700927734e-05
-41,G,0.0
-41,T,-1.2159347534179688e-05
-40,A,0.0
-40,C,0.00036150217056274414
-40,G,-6.347894668579102e-05
-40,T,0.0003758072853088379
-39,A,0.0
-39,C,0.00019937753677368164
-39,G,0.00015145540237426758
-39,T,-2.1278858184814453e-05
-38,A,0.0
-38,C,-6.914138793945312e-05
-38,G,0.00015801191329956055
-38,T,0.0001341700553894043
-37,A,-7.832050323486328e-05
-37,C,0.0001932978630065918
-37,G,0.0
-37,T,4.965066909790039e-05
-36,A,-7.486343383789062e-05
-36,C,4.863739013671875e-05
-36,G,9.298324584960938e-06
-36,T,0.0
-35,A,-7.37905502319336e-05
-35,C,0.0
-35,G,-4.088878631591797e-05
-35,T,0.000578761100769043
-34,A,0.00013881921768188477
-34,C,9.572505950927734e-05
-34,G,-0.00024259090423583984
-34,T,0.0
-33,A,6.848573684692383e-05
-33,C,0.0
-33,G,0.00011092424392700195
-33,T,-0.0005708932876586914
-32,A,-0.00044655799865722656
-32,C,-0.0005490779876708984
-32,G,0.0
-32,T,-0.0007740259170532227
-31,A,-0.0003399848937988281
-31,C,-0.00018793344497680664
-31,G,-0.00010800361633300781
-31,T,0.0
-30,A,-0.00013637542724609375
-30,C,-0.00018870830535888672
-30,G,0.0
-30,T,-0.00019866228103637695
-29,A,0.0
-29,C,-0.00022560358047485352
-29,G,-0.000474393367767334
-29,T,8.612871170043945e-05
-28,A,0.0
-28,C,8.52346420288086e-06
-28,G,3.0279159545898438e-05
-28,T,-0.00037926435470581055
-27,A,-0.00011265277862548828
-27,C,0.0
-27,G,-0.0001475811004638672
-27,T,-4.410743713378906e-06
-26,A,0.0
-26,C,-0.0002567768096923828
-26,G,-0.00020253658294677734
-26,T,-0.000268399715423584
-25,A,-0.0001823902130126953
-25,C,0.0
-25,G,0.00041365623474121094
-25,T,-0.00013297796249389648
-24,A,-0.00021386146545410156
-24,C,0.0
-24,G,-0.0002090930938720703
-24,T,-0.0002709627151489258
-23,A,-0.0002079606056213379
-23,C,-4.0531158447265625e-06
-23,G,8.612871170043945e-05
-23,T,0.0
-22,A,0.0
-22,C,-0.00020563602447509766
-22,G,-0.00021964311599731445
-22,T,-0.00020843744277954102
-21,A,0.0002688169479370117
-21,C,0.0
-21,G,0.00015056133270263672
-21,T,1.0967254638671875e-05
-20,A,-5.728006362915039e-05
-20,C,-8.606910705566406e-05
-20,G,0.00012606382369995117
-20,T,0.0
-19,A,0.0
-19,C,2.658367156982422e-05
-19,G,8.565187454223633e-05
-19,T,0.0001087188720703125
-18,A,-0.0002830028533935547
-18,C,-4.297494888305664e-05
-18,G,0.0
-18,T,-0.00020486116409301758
-17,A,7.581710815429688e-05
-17,C,-0.0003452301025390625
-17,G,0.0
-17,T,7.855892181396484e-05
-16,A,3.069639205932617e-05
-16,C,5.4776668548583984e-05
-16,G,0.0003434419631958008
-16,T,0.0
-15,A,-0.00012451410293579102
-15,C,-0.0001100301742553711
-15,G,0.0
-15,T,-0.00014090538024902344
-14,A,-0.0001404881477355957
-14,C,-0.00011420249938964844
-14,G,-2.9027462005615234e-05
-14,T,0.0
-13,A,-4.1425228118896484e-05
-13,C,0.0
-13,G,4.76837158203125e-07
-13,T,2.9802322387695312e-05
-12,A,0.0
-12,C,-0.0008161067962646484
-12,G,0.00014603137969970703
-12,T,-0.0010099411010742188
-11,A,-0.0006888508796691895
-11,C,-0.000741422176361084
-11,G,0.0
-11,T,-0.0010686516761779785
-10,A,-0.0004945993423461914
-10,C,-0.0005028843879699707
-10,G,-0.00045812129974365234
-10,T,0.0
-9,A,-0.0005182027816772461
-9,C,0.0
-9,G,-0.000727236270904541
-9,T,-0.0007054805755615234
-8,A,0.0
-8,C,0.0010256767272949219
-8,G,0.00021058320999145508
-8,T,0.0005101561546325684
-7,A,-0.001146852970123291
-7,C,0.0
-7,G,0.0009586215019226074
-7,T,-0.0019788146018981934
-6,A,0.0037065744400024414
-6,C,0.002613961696624756
-6,G,0.002686798572540283
-6,T,0.0
-5,A,-0.001999974250793457
-5,C,0.0
-5,G,0.002961575984954834
-5,T,-0.0015773773193359375
-4,A,0.0
-4,C,0.006103932857513428
-4,G,-0.0008446574211120605
-4,T,-0.0005676746368408203
-3,A,0.00630563497543335
-3,C,0.0018399953842163086
-3,G,-0.002133607864379883
-3,T,0.0
-2,A,0.13054805994033813
-2,C,0.0
-2,G,0.12356656789779663
-2,T,0.09966909885406494
-1,A,0.0
-1,C,0.1384548544883728
-1,G,0.22314763069152832
-1,T,0.1631230115890503
0,A,0.21204465627670288
0,C,0.27971160411834717
0,G,0.0
0,T,0.2285696268081665
1,A,0.11309581995010376
1,C,0.11215627193450928
1,G,0.0
1,T,0.13952738046646118
2,A,0.05849272012710571
2,C,0.04978466033935547
2,G,0.0696331262588501
2,T,0.0
3,A,0.0
3,C,0.04100149869918823
3,G,0.03858453035354614
3,T,0.051209211349487305
4,A,0.0
4,C,0.03824526071548462
4,G,0.03294706344604492
4,T,0.04399216175079346
5,A,0.01974499225616455
5,C,0.019885599613189697
5,G,0.0
5,T,0.02084571123123169
6,A,0.008244454860687256
6,C,0.012755990028381348
6,G,0.0052558183670043945
6,T,0.0
7,A,-0.0011001825332641602
7,C,5.78761100769043e-05
7,G,0.0004678964614868164
7,T,0.0
8,A,0.0
8,C,0.0024707913398742676
8,G,0.002911686897277832
8,T,0.00028145313262939453
9,A,0.0
9,C,0.0005669593811035156
9,G,9.906291961669922e-05
9,T,0.00024050474166870117
10,A,5.2869319915771484e-05
10,C,7.426738739013672e-05
10,G,0.0001652836799621582
10,T,0.0
11,A,0.0
11,C,-0.00015145540237426758
11,G,-0.00010436773300170898
11,T,-2.777576446533203e-05
12,A,0.0001163482666015625
12,C,0.00017052888870239258
12,G,0.0
12,T,0.0001976490020751953
13,A,0.0003063678741455078
13,C,9.79304313659668e-05
13,G,-0.0001093149185180664
13,T,0.0
14,A,0.0
14,C,8.165836334228516e-05
14,G,4.4465065002441406e-05
14,T,4.976987838745117e-05
15,A,3.0159950256347656e-05
15,C,0.00020492076873779297
15,G,0.0
15,T,9.959936141967773e-05
16,A,0.00018101930618286133
16,C,0.0
16,G,-0.00012099742889404297
16,T,2.8371810913085938e-05
17,A,-6.777048110961914e-05
17,C,0.00022596120834350586
17,G,-3.49879264831543e-05
17,T,0.0
18,A,0.0
18,C,-0.00012665987014770508
18,G,-1.3709068298339844e-05
18,T,-9.948015213012695e-05
19,A,0.0002149343490600586
19,C,0.00014799833297729492
19,G,0.0
19,T,9.751319885253906e-05
20,A,3.3795833587646484e-05
20,C,0.0
20,G,0.00011998414993286133
20,T,0.00035321712493896484
21,A,0.0
21,C,0.00011610984802246094
21,G,-9.834766387939453e-06
21,T,2.2649765014648438e-06
22,A,0.00014901161193847656
22,C,-3.707408905029297e-05
22,G,5.155801773071289e-05
22,T,0.0
23,A,-0.00017315149307250977
23,C,0.0
23,G,-0.00010824203491210938
23,T,7.68899917602539e-06
24,A,-3.165006637573242e-05
24,C,2.872943878173828e-05
24,G,5.0067901611328125e-06
24,T,0.0
25,A,0.00010538101196289062
25,C,-4.649162292480469e-06
25,G,0.0
25,T,1.3113021850585938e-05
26,A,9.870529174804688e-05
26,C,-2.6106834411621094e-05
26,G,0.00010538101196289062
26,T,0.0
27,A,-3.832578659057617e-05
27,C,-1.1920928955078125e-06
27,G,0.0
27,T,-2.968311309814453e-05
28,A,-0.00011730194091796875
28,C,-0.00011610984802246094
28,G,-0.00017452239990234375
28,T,0.0
29,A,0.0
29,C,-8.028745651245117e-05
29,G,-0.00010216236114501953
29,T,-8.028745651245117e-05
30,A,-0.0001214146614074707
30,C,6.139278411865234e-06
30,G,0.0
30,T,-0.00017464160919189453
31,A,0.0
31,C,-3.653764724731445e-05
31,G,-9.59634780883789e-06
31,T,-5.316734313964844e-05
32,A,5.960464477539062e-07
32,C,0.00025576353073120117
32,G,0.0
32,T,7.003545761108398e-05
33,A,0.00017601251602172852
33,C,0.00043570995330810547
33,G,0.00040090084075927734
33,T,0.0
34,A,0.00015753507614135742
34,C,8.0108642578125e-05
34,G,0.0
34,T,0.00038552284240722656
35,A,5.042552947998047e-05
35,C,2.187490463256836e-05
35,G,-8.07642936706543e-05
35,T,0.0
36,A,7.224082946777344e-05
36,C,0.0
36,G,-4.2319297790527344e-05
36,T,-8.940696716308594e-07
37,A,0.0
37,C,3.6597251892089844e-05
37,G,0.00016254186630249023
37,T,-9.298324584960938e-06
38,A,-4.565715789794922e-05
38,C,-1.7881393432617188e-07
38,G,5.960464477539062e-07
38,T,0.0
39,A,-1.329183578491211e-05
39,C,-0.00017440319061279297
39,G,-0.0002090930938720703
39,T,0.0
40,A,0.0
40,C,-4.649162292480469e-06
40,G,-0.0002632737159729004
40,T,0.00012642145156860352
41,A,3.045797348022461e-05
41,C,1.519918441772461e-05
41,G,-1.5020370483398438e-05
41,T,0.0
42,A,3.713369369506836e-05
42,C,2.3603439331054688e-05
42,G,0.0002065896987915039
42,T,0.0
43,A,-0.0001100301742553711
43,C,-0.00023871660232543945
43,G,0.0
43,T,6.371736526489258e-05
44,A,3.546476364135742e-05
44,C,2.282857894897461e-05
44,G,4.3451786041259766e-05
44,T,0.0
45,A,0.0
45,C,7.748603820800781e-07
45,G,-0.00012874603271484375
45,T,6.562471389770508e-05
46,A,0.0001285076141357422
46,C,5.125999450683594e-06
46,G,3.981590270996094e-05
46,T,0.0
47,A,-0.00026029348373413086
47,C,-0.0001760721206665039
47,G,3.62396240234375e-05
47,T,0.0
48,A,0.0
48,C,2.8073787689208984e-05
48,G,4.756450653076172e-05
48,T,0.0003001689910888672
49,A,-0.00017493963241577148
49,C,0.00014734268188476562
49,G,0.0
49,T,-1.1086463928222656e-05
50,A,5.245208740234375e-06
50,C,0.0
50,G,0.00026232004165649414
50,T,1.9490718841552734e-05
