variant_id,variant_type,label,label_name,target_class,model,source,ref_score,alt_score,delta_score,impact_score,wt_donor,wt_acceptor,wt_non_splice,mut_donor,mut_acceptor,mut_non_splice
var_885a2b00f88745bf,acceptor_gain,1,splice_altering,1,CNN baseline (PyTorch Conv1D),trained_classifier,0.16144271194934845,0.16295841336250305,0.001515701413154602,0.001515701413154602,0.0622621513903141,0.16144271194934845,0.7762951254844666,0.06231724098324776,0.16295841336250305,0.7747243642807007
var_06ae082a10d2ee30,donor_gain,1,splice_altering,0,CNN baseline (PyTorch Conv1D),trained_classifier,0.04726225882768631,0.04929894953966141,0.0020366907119750977,0.0020366907119750977,0.04726225882768631,0.1451021283864975,0.8076356649398804,0.04929894953966141,0.14193537831306458,0.8087656497955322
var_1c5598db4f5cf44b,donor_loss,1,splice_altering,0,CNN baseline (PyTorch Conv1D),trained_classifier,0.9602675437927246,0.834993302822113,0.12527424097061157,0.12527424097061157,0.9602675437927246,0.006316522601991892,0.03341598063707352,0.834993302822113,0.02460622973740101,0.1404004544019699
var_0e05d0e32409c347,acceptor_gain,1,splice_altering,1,CNN baseline (PyTorch Conv1D),trained_classifier,0.14813517034053802,0.14861544966697693,0.0004802793264389038,0.0004802793264389038,0.041459739208221436,0.14813517034053802,0.8104051351547241,0.04246712476015091,0.14861544966697693,0.8089174032211304
var_90369eb14e9e0c7b,acceptor_gain,1,splice_altering,1,CNN baseline (PyTorch Conv1D),trained_classifier,0.1529676616191864,0.1533028483390808,0.0003351867198944092,0.0003351867198944092,0.0677587240934372,0.1529676616191864,0.7792736291885376,0.06744333356618881,0.1533028483390808,0.7792539000511169
var_c492bb991b8c3cee,donor_loss,1,splice_altering,0,CNN baseline (PyTorch Conv1D),trained_classifier,0.9633601903915405,0.8586835861206055,0.10467660427093506,0.10467660427093506,0.9633601903915405,0.0055010453797876835,0.031138837337493896,0.8586835861206055,0.020793525502085686,0.12052283436059952
var_8f45580ce2d7d961,neutral_far_snv,0,neutral,2,CNN baseline (PyTorch Conv1D),trained_classifier,0.22638477385044098,0.22665898501873016,0.00029414892196655273,0.00029414892196655273,0.02036833018064499,0.7532469034194946,0.22638477385044098,0.020388253033161163,0.7529527544975281,0.22665898501873016
var_696c0bc806ddb8db,neutral_far_snv,0,neutral,2,CNN baseline (PyTorch Conv1D),trained_classifier,0.7976260781288147,0.7966014742851257,0.0014417171478271484,0.0014417171478271484,0.06378060579299927,0.13859330117702484,0.7976260781288147,0.06336350739002228,0.140035018324852,0.7966014742851257
var_5c8051d189e1bf3f,neutral_far_snv,0,neutral,2,CNN baseline (PyTorch Conv1D),trained_classifier,0.1928747147321701,0.1938256323337555,0.0010644793510437012,0.0010644793510437012,0.01693040132522583,0.7901949286460876,0.1928747147321701,0.017043929547071457,0.789130449295044,0.1938256323337555
var_bb21b176f61fe9d5,neutral_far_snv,0,neutral,2,CNN baseline (PyTorch Conv1D),trained_classifier,0.032596100121736526,0.03315751254558563,0.0004152059555053711,0.0004152059555053711,0.960839033126831,0.006564933806657791,0.032596100121736526,0.9604238271713257,0.006418585777282715,0.03315751254558563
var_ffad75be5c1e2822,neutral_far_snv,0,neutral,2,CNN baseline (PyTorch Conv1D),trained_classifier,0.7574751973152161,0.7579341530799866,0.00023062527179718018,0.00023062527179718018,0.0970926433801651,0.14543217420578003,0.7574751973152161,0.09686432033777237,0.14520154893398285,0.7579341530799866
var_1d780d84d7d50ebb,neutral_far_snv,0,neutral,2,CNN baseline (PyTorch Conv1D),trained_classifier,0.2257472425699234,0.22578060626983643,3.5822391510009766e-05,3.5822391510009766e-05,0.015145490877330303,0.759107232093811,0.2257472425699234,0.01514803059399128,0.759071409702301,0.22578060626983643
var_885a2b00f88745bf,acceptor_gain,1,splice_altering,1,RNA-FM frozen encoder + MLP,trained_classifier,0.0003790320484829669,0.0006799532966397232,0.00030092124815675627,0.00030092124815675627,1.129216197172905e-05,0.0003790320484829669,0.9996096757895453,2.5093316762399346e-05,0.0006799532966397232,0.9992949533865979
var_06ae082a10d2ee30,donor_gain,1,splice_altering,0,RNA-FM frozen encoder + MLP,trained_classifier,8.274217168537403e-07,1.732270248984618e-06,9.048485321308777e-07,9.048485321308777e-07,8.274217168537403e-07,8.751566012555939e-07,0.9999982974216819,1.732270248984618e-06,6.599238142598064e-07,0.9999976078059368
var_1c5598db4f5cf44b,donor_loss,1,splice_altering,0,RNA-FM frozen encoder + MLP,trained_classifier,0.9989553929270372,0.8979607822998569,0.10099461062718029,0.10099461062718029,0.9989553929270372,9.827016655167808e-08,0.0010445088027962656,0.8979607822998569,1.2979721714528156e-05,0.10202623797842848
var_0e05d0e32409c347,acceptor_gain,1,splice_altering,1,RNA-FM frozen encoder + MLP,trained_classifier,2.761081988286531e-06,2.4576744531519566e-06,-3.034075351345743e-07,-3.034075351345743e-07,0.011778823068210006,2.761081988286531e-06,0.9882184158498017,0.0410124525871428,2.4576744531519566e-06,0.958985089738404
var_90369eb14e9e0c7b,acceptor_gain,1,splice_altering,1,RNA-FM frozen encoder + MLP,trained_classifier,1.5439416524160013e-09,1.4786411820365282e-09,-6.530047037947303e-11,-6.530047037947303e-11,9.85887483401047e-07,1.5439416524160013e-09,0.9999990125685749,1.9662903474148703e-06,1.4786411820365282e-09,0.9999980322310115
var_c492bb991b8c3cee,donor_loss,1,splice_altering,0,RNA-FM frozen encoder + MLP,trained_classifier,0.9998300893787472,0.9975453372198477,0.00228475215889945,0.00228475215889945,0.9998300893787472,3.931681562154797e-08,0.00016987130443719799,0.9975453372198477,8.993813149647643e-06,0.002445668967002627
var_8f45580ce2d7d961,neutral_far_snv,0,neutral,2,RNA-FM frozen encoder + MLP,trained_classifier,2.1431366668738153e-05,1.5957056491542787e-05,5.474304124453155e-06,5.474304124453155e-06,2.005478942769798e-11,0.9999785686132765,2.1431366668738153e-05,2.6107560859039562e-11,0.999984042917401,1.5957056491542787e-05
var_696c0bc806ddb8db,neutral_far_snv,0,neutral,2,RNA-FM frozen encoder + MLP,trained_classifier,0.999997094826364,0.9999956624371737,1.3088250173821157e-06,1.3088250173821157e-06,2.073509210794012e-06,8.316644251804386e-07,0.999997094826364,3.3823342281761277e-06,9.55228598046799e-07,0.9999956624371737
var_5c8051d189e1bf3f,neutral_far_snv,0,neutral,2,RNA-FM frozen encoder + MLP,trained_classifier,0.004412874896365932,0.008797184579455273,0.004384327574370128,0.004384327574370128,3.251448520745694e-08,0.9955870925891489,0.004412874896365932,5.040576602901397e-08,0.9912027650147788,0.008797184579455273
var_bb21b176f61fe9d5,neutral_far_snv,0,neutral,2,RNA-FM frozen encoder + MLP,trained_classifier,0.024327860852500306,0.014651817291467976,0.009753651758238502,0.009753651758238502,0.9755364507181283,0.00013568842937143448,0.024327860852500306,0.9852901024763668,5.8080232165168444e-05,0.014651817291467976
var_ffad75be5c1e2822,neutral_far_snv,0,neutral,2,RNA-FM frozen encoder + MLP,trained_classifier,0.9999929351981672,0.9999970006127642,3.973454593054188e-06,3.973454593054188e-06,6.758561245552429e-06,3.062405871852636e-07,0.9999929351981672,2.7851066524982407e-06,2.1428058334607215e-07,0.9999970006127642
var_1d780d84d7d50ebb,neutral_far_snv,0,neutral,2,RNA-FM frozen encoder + MLP,trained_classifier,1.4622967475790494e-05,1.1665894597863716e-05,2.9571037143405476e-06,2.9571037143405476e-06,2.746742739920897e-10,0.9999853767578498,1.4622967475790494e-05,2.438379176682737e-10,0.9999883338615642,1.1665894597863716e-05
var_885a2b00f88745bf,acceptor_gain,1,splice_altering,1,RNABERT frozen encoder + MLP,trained_classifier,6.314831059593664e-05,5.9050643099476604e-05,-4.097667496460033e-06,-4.097667496460033e-06,6.892887399892753e-07,6.314831059593664e-05,0.999936162400664,1.7831675765180443e-06,5.9050643099476604e-05,0.999939166189324
var_06ae082a10d2ee30,donor_gain,1,splice_altering,0,RNABERT frozen encoder + MLP,trained_classifier,3.247783841157384e-09,4.193985364890532e-09,9.46201523733148e-10,9.46201523733148e-10,3.247783841157384e-09,8.669260395136204e-08,0.9999999100596123,4.193985364890532e-09,6.563120188228903e-08,0.9999999301748128
var_1c5598db4f5cf44b,donor_loss,1,splice_altering,0,RNABERT frozen encoder + MLP,trained_classifier,0.9938997518940422,0.48542663243084805,0.5084731194631942,0.5084731194631942,0.9938997518940422,2.353681928129987e-09,0.0061002457522758066,0.48542663243084805,7.982958673650946e-07,0.5145725692732847
var_0e05d0e32409c347,acceptor_gain,1,splice_altering,1,RNABERT frozen encoder + MLP,trained_classifier,5.959908515159235e-06,5.046481599395857e-06,-9.134269157633782e-07,-9.134269157633782e-07,0.0005711011538836001,5.959908515159235e-06,0.9994229389376013,0.0013145271417984682,5.046481599395857e-06,0.9986804263766021
var_90369eb14e9e0c7b,acceptor_gain,1,splice_altering,1,RNABERT frozen encoder + MLP,trained_classifier,6.0257573786391105e-09,8.646979465493692e-09,2.621222086854582e-09,2.621222086854582e-09,1.1517437073128008e-06,6.0257573786391105e-09,0.9999988422305353,1.6895146500608528e-06,8.646979465493692e-09,0.9999983018383706
var_c492bb991b8c3cee,donor_loss,1,splice_altering,0,RNABERT frozen encoder + MLP,trained_classifier,0.9984090568937571,0.787107984689594,0.21130107220416317,0.21130107220416317,0.9984090568937571,9.340143510529156e-08,0.0015908497048076225,0.787107984689594,4.6462159794667966e-05,0.21284555315061138
var_8f45580ce2d7d961,neutral_far_snv,0,neutral,2,RNABERT frozen encoder + MLP,trained_classifier,0.0010170474147774735,0.0009849006395747759,3.214677525043008e-05,3.214677525043008e-05,4.625985020331544e-12,0.9989829525805966,0.0010170474147774735,4.578188588085235e-12,0.999015099355847,0.0009849006395747759
var_696c0bc806ddb8db,neutral_far_snv,0,neutral,2,RNABERT frozen encoder + MLP,trained_classifier,0.9999965637668483,0.9999969532921072,4.146313480538603e-07,4.146313480538603e-07,3.8035392526048157e-07,3.055879226324797e-06,0.9999965637668483,4.0546001451507267e-07,2.6412478782709367e-06,0.9999969532921072
var_5c8051d189e1bf3f,neutral_far_snv,0,neutral,2,RNABERT frozen encoder + MLP,trained_classifier,0.00010534444534504539,0.00010005944924402565,5.285001777877163e-06,5.285001777877163e-06,9.843952260648325e-10,0.9998946545702597,0.00010534444534504539,9.787183764074735e-10,0.9998999395720376,0.00010005944924402565
var_bb21b176f61fe9d5,neutral_far_snv,0,neutral,2,RNABERT frozen encoder + MLP,trained_classifier,0.0037619758814124134,0.0035739810585313156,0.00018814685397650077,0.00018814685397650077,0.9962346624664152,3.3616521723854018e-06,0.0037619758814124134,0.9964228093203917,3.2096210768903286e-06,0.0035739810585313156
var_ffad75be5c1e2822,neutral_far_snv,0,neutral,2,RNABERT frozen encoder + MLP,trained_classifier,0.9999964486855328,0.9999965314292811,7.496098631611424e-08,7.496098631611424e-08,1.8330487528599102e-07,3.368009591775111e-06,0.9999964486855328,1.7552211341093455e-07,3.2930486054589967e-06,0.9999965314292811
var_1d780d84d7d50ebb,neutral_far_snv,0,neutral,2,RNABERT frozen encoder + MLP,trained_classifier,0.0031369841346204513,0.003162981270018083,2.5997135325361853e-05,2.5997135325361853e-05,1.0393271164859339e-11,0.9968630158549863,0.0031369841346204513,1.0320997883189362e-11,0.9968370187196609,0.003162981270018083
