variant_id,variant_type,relative_position,donor_score,acceptor_score,sequence_type
clinvar_7bafc367a1a1db50,donor_clinvar_splice,-80,0.09924242424242424,0.20266666666666666,WT
clinvar_7bafc367a1a1db50,donor_clinvar_splice,-79,0.5083333333333333,0.21333333333333332,WT
clinvar_7bafc367a1a1db50,donor_clinvar_splice,-78,0.008333333333333333,0.5033333333333333,WT
clinvar_7bafc367a1a1db50,donor_clinvar_splice,-77,0.4174242424242424,0.20266666666666666,WT
clinvar_7bafc367a1a1db50,donor_clinvar_splice,-76,0.17575757575757572,0.20266666666666666,WT
clinvar_7bafc367a1a1db50,donor_clinvar_splice,-75,0.3462121212121212,0.5033333333333333,WT
clinvar_7bafc367a1a1db50,donor_clinvar_splice,-74,0.1303030303030303,0.20266666666666666,WT
clinvar_7bafc367a1a1db50,donor_clinvar_splice,-73,0.3803030303030303,0.49266666666666664,WT
clinvar_7bafc367a1a1db50,donor_clinvar_splice,-72,0.06212121212121212,0.21333333333333332,WT
clinvar_7bafc367a1a1db50,donor_clinvar_splice,-71,0.4371212121212121,0.22399999999999998,WT
clinvar_7bafc367a1a1db50,donor_clinvar_splice,-70,0.5621212121212121,0.21333333333333332,WT
clinvar_7bafc367a1a1db50,donor_clinvar_splice,-69,0.016666666666666666,0.514,WT
clinvar_7bafc367a1a1db50,donor_clinvar_splice,-68,0.3462121212121212,0.21333333333333332,WT
clinvar_7bafc367a1a1db50,donor_clinvar_splice,-67,0.1727272727272727,0.21333333333333332,WT
clinvar_7bafc367a1a1db50,donor_clinvar_splice,-66,0.3772727272727272,0.22399999999999998,WT
clinvar_7bafc367a1a1db50,donor_clinvar_splice,-65,0.09318181818181817,0.514,WT
clinvar_7bafc367a1a1db50,donor_clinvar_splice,-64,0.34318181818181814,0.514,WT
clinvar_7bafc367a1a1db50,donor_clinvar_splice,-63,0.43106060606060603,0.22399999999999998,WT
clinvar_7bafc367a1a1db50,donor_clinvar_splice,-62,0.30606060606060603,0.514,WT
clinvar_7bafc367a1a1db50,donor_clinvar_splice,-61,0.0787878787878788,0.5033333333333333,WT
clinvar_7bafc367a1a1db50,donor_clinvar_splice,-60,0.30606060606060603,0.22399999999999998,WT
clinvar_7bafc367a1a1db50,donor_clinvar_splice,-59,0.18106060606060603,0.21333333333333332,WT
clinvar_7bafc367a1a1db50,donor_clinvar_splice,-58,0.47651515151515145,0.21333333333333332,WT
clinvar_7bafc367a1a1db50,donor_clinvar_splice,-57,0.43106060606060603,0.5033333333333333,WT
clinvar_7bafc367a1a1db50,donor_clinvar_splice,-56,0.03333333333333333,0.49266666666666664,WT
clinvar_7bafc367a1a1db50,donor_clinvar_splice,-55,0.30606060606060603,0.20266666666666666,WT
clinvar_7bafc367a1a1db50,donor_clinvar_splice,-54,0.1924242424242424,0.21333333333333332,WT
clinvar_7bafc367a1a1db50,donor_clinvar_splice,-53,0.36287878787878786,0.49266666666666664,WT
clinvar_7bafc367a1a1db50,donor_clinvar_splice,-52,0.20378787878787877,0.20266666666666666,WT
clinvar_7bafc367a1a1db50,donor_clinvar_splice,-51,0.12424242424242424,0.49266666666666664,WT
clinvar_7bafc367a1a1db50,donor_clinvar_splice,-50,0.09015151515151515,0.20266666666666666,WT
clinvar_7bafc367a1a1db50,donor_clinvar_splice,-49,0.18106060606060603,0.20266666666666666,WT
clinvar_7bafc367a1a1db50,donor_clinvar_splice,-48,0.5333333333333333,0.192,WT
clinvar_7bafc367a1a1db50,donor_clinvar_splice,-47,0.03333333333333333,0.49266666666666664,WT
clinvar_7bafc367a1a1db50,donor_clinvar_splice,-46,0.396969696969697,0.192,WT
clinvar_7bafc367a1a1db50,donor_clinvar_splice,-45,0.521969696969697,0.192,WT
clinvar_7bafc367a1a1db50,donor_clinvar_splice,-44,0.43106060606060603,0.49266666666666664,WT
clinvar_7bafc367a1a1db50,donor_clinvar_splice,-43,0.20378787878787877,0.482,WT
clinvar_7bafc367a1a1db50,donor_clinvar_splice,-42,0.03333333333333333,0.482,WT
clinvar_7bafc367a1a1db50,donor_clinvar_splice,-41,0.30606060606060603,0.192,WT
clinvar_7bafc367a1a1db50,donor_clinvar_splice,-40,0.521969696969697,0.20266666666666666,WT
clinvar_7bafc367a1a1db50,donor_clinvar_splice,-39,0.7378787878787878,0.482,WT
clinvar_7bafc367a1a1db50,donor_clinvar_splice,-38,0.1015151515151515,0.482,WT
clinvar_7bafc367a1a1db50,donor_clinvar_splice,-37,0.1356060606060606,0.47133333333333327,WT
clinvar_7bafc367a1a1db50,donor_clinvar_splice,-36,0.30606060606060603,0.18133333333333332,WT
clinvar_7bafc367a1a1db50,donor_clinvar_splice,-35,0.15833333333333333,0.18133333333333332,WT
clinvar_7bafc367a1a1db50,donor_clinvar_splice,-34,0.12424242424242424,0.47133333333333327,WT
clinvar_7bafc367a1a1db50,donor_clinvar_splice,-33,0.6356060606060605,0.17066666666666666,WT
clinvar_7bafc367a1a1db50,donor_clinvar_splice,-32,0.18409090909090906,0.16,WT
clinvar_7bafc367a1a1db50,donor_clinvar_splice,-31,0.38863636363636367,0.46066666666666667,WT
clinvar_7bafc367a1a1db50,donor_clinvar_splice,-30,0.09318181818181817,0.17066666666666666,WT
clinvar_7bafc367a1a1db50,donor_clinvar_splice,-29,0.29772727272727273,0.46066666666666667,WT
clinvar_7bafc367a1a1db50,donor_clinvar_splice,-28,0.15,0.17066666666666666,WT
clinvar_7bafc367a1a1db50,donor_clinvar_splice,-27,0.1159090909090909,0.47133333333333327,WT
clinvar_7bafc367a1a1db50,donor_clinvar_splice,-26,0.08181818181818182,0.18133333333333332,WT
clinvar_7bafc367a1a1db50,donor_clinvar_splice,-25,0.12424242424242424,0.18133333333333332,WT
clinvar_7bafc367a1a1db50,donor_clinvar_splice,-24,0.396969696969697,0.17066666666666666,WT
clinvar_7bafc367a1a1db50,donor_clinvar_splice,-23,0.1924242424242424,0.18133333333333332,WT
clinvar_7bafc367a1a1db50,donor_clinvar_splice,-22,0.4621212121212121,0.46066666666666667,WT
clinvar_7bafc367a1a1db50,donor_clinvar_splice,-21,0.10984848484848483,0.18133333333333332,WT
clinvar_7bafc367a1a1db50,donor_clinvar_splice,-20,0.13257575757575757,0.47133333333333327,WT
clinvar_7bafc367a1a1db50,donor_clinvar_splice,-19,0.09848484848484848,0.18133333333333332,WT
clinvar_7bafc367a1a1db50,donor_clinvar_splice,-18,0.45075757575757575,0.192,WT
clinvar_7bafc367a1a1db50,donor_clinvar_splice,-17,0.25757575757575757,0.18133333333333332,WT
clinvar_7bafc367a1a1db50,donor_clinvar_splice,-16,0.18939393939393936,0.482,WT
clinvar_7bafc367a1a1db50,donor_clinvar_splice,-15,0.428030303030303,0.18133333333333332,WT
clinvar_7bafc367a1a1db50,donor_clinvar_splice,-14,0.5303030303030303,0.18133333333333332,WT
clinvar_7bafc367a1a1db50,donor_clinvar_splice,-13,0.18939393939393936,0.482,WT
clinvar_7bafc367a1a1db50,donor_clinvar_splice,-12,0.12121212121212119,0.192,WT
clinvar_7bafc367a1a1db50,donor_clinvar_splice,-11,0.3143939393939394,0.47133333333333327,WT
clinvar_7bafc367a1a1db50,donor_clinvar_splice,-10,0.2348484848484848,0.18133333333333332,WT
clinvar_7bafc367a1a1db50,donor_clinvar_splice,-9,0.3227272727272727,0.772,WT
clinvar_7bafc367a1a1db50,donor_clinvar_splice,-8,0.175,0.192,WT
clinvar_7bafc367a1a1db50,donor_clinvar_splice,-7,0.14090909090909093,0.482,WT
clinvar_7bafc367a1a1db50,donor_clinvar_splice,-6,0.3227272727272727,0.192,WT
clinvar_7bafc367a1a1db50,donor_clinvar_splice,-5,0.2545454545454545,0.18133333333333332,WT
clinvar_7bafc367a1a1db50,donor_clinvar_splice,-4,0.5727272727272726,0.10133333333333332,WT
clinvar_7bafc367a1a1db50,donor_clinvar_splice,-3,0.20909090909090905,0.112,WT
clinvar_7bafc367a1a1db50,donor_clinvar_splice,-2,0.10681818181818181,0.40199999999999997,WT
clinvar_7bafc367a1a1db50,donor_clinvar_splice,-1,0.3227272727272727,0.112,WT
clinvar_7bafc367a1a1db50,donor_clinvar_splice,0,0.8909090909090909,0.112,WT
clinvar_7bafc367a1a1db50,donor_clinvar_splice,1,0.10984848484848483,0.7026666666666667,WT
clinvar_7bafc367a1a1db50,donor_clinvar_splice,2,0.3712121212121212,0.4126666666666666,WT
clinvar_7bafc367a1a1db50,donor_clinvar_splice,3,0.16666666666666666,0.112,WT
clinvar_7bafc367a1a1db50,donor_clinvar_splice,4,0.3143939393939394,0.4126666666666666,WT
clinvar_7bafc367a1a1db50,donor_clinvar_splice,5,0.2121212121212121,0.112,WT
clinvar_7bafc367a1a1db50,donor_clinvar_splice,6,0.40530303030303033,0.32199999999999995,WT
clinvar_7bafc367a1a1db50,donor_clinvar_splice,7,0.4393939393939394,0.021333333333333315,WT
clinvar_7bafc367a1a1db50,donor_clinvar_splice,8,0.25757575757575757,0.32199999999999995,WT
clinvar_7bafc367a1a1db50,donor_clinvar_splice,9,0.6893939393939393,0.31133333333333324,WT
clinvar_7bafc367a1a1db50,donor_clinvar_splice,10,0.1015151515151515,0.021333333333333315,WT
clinvar_7bafc367a1a1db50,donor_clinvar_splice,11,0.45378787878787874,0.30066666666666664,WT
clinvar_7bafc367a1a1db50,donor_clinvar_splice,12,0.43106060606060603,0.010666666666666658,WT
clinvar_7bafc367a1a1db50,donor_clinvar_splice,13,0.7037878787878786,0.30066666666666664,WT
clinvar_7bafc367a1a1db50,donor_clinvar_splice,14,0.09318181818181817,0.2899999999999999,WT
clinvar_7bafc367a1a1db50,donor_clinvar_splice,15,0.4113636363636363,0.30066666666666664,WT
clinvar_7bafc367a1a1db50,donor_clinvar_splice,16,0.47954545454545455,0.0,WT
clinvar_7bafc367a1a1db50,donor_clinvar_splice,17,0.3659090909090909,0.2899999999999999,WT
clinvar_7bafc367a1a1db50,donor_clinvar_splice,18,0.15,0.2793333333333333,WT
clinvar_7bafc367a1a1db50,donor_clinvar_splice,19,0.35454545454545455,0.2793333333333333,WT
clinvar_7bafc367a1a1db50,donor_clinvar_splice,20,0.5590909090909091,0.0,WT
clinvar_7bafc367a1a1db50,donor_clinvar_splice,21,0.15,0.5586666666666666,WT
clinvar_7bafc367a1a1db50,donor_clinvar_splice,22,0.025,0.2686666666666666,WT
clinvar_7bafc367a1a1db50,donor_clinvar_splice,23,0.16136363636363635,0.0,WT
clinvar_7bafc367a1a1db50,donor_clinvar_splice,24,0.46818181818181814,0.258,WT
clinvar_7bafc367a1a1db50,donor_clinvar_splice,25,0.37727272727272726,0.048,WT
clinvar_7bafc367a1a1db50,donor_clinvar_splice,26,0.07045454545454546,0.5479999999999999,WT
clinvar_7bafc367a1a1db50,donor_clinvar_splice,27,0.025,0.0,WT
clinvar_7bafc367a1a1db50,donor_clinvar_splice,28,0.525,0.0,WT
clinvar_7bafc367a1a1db50,donor_clinvar_splice,29,0.5022727272727272,0.24733333333333332,WT
clinvar_7bafc367a1a1db50,donor_clinvar_splice,30,0.42272727272727273,0.5266666666666666,WT
clinvar_7bafc367a1a1db50,donor_clinvar_splice,31,0.025,0.14600000000000002,WT
clinvar_7bafc367a1a1db50,donor_clinvar_splice,32,0.35454545454545455,0.0,WT
clinvar_7bafc367a1a1db50,donor_clinvar_splice,33,0.5136363636363636,0.0,WT
clinvar_7bafc367a1a1db50,donor_clinvar_splice,34,0.42272727272727273,0.1353333333333333,WT
clinvar_7bafc367a1a1db50,donor_clinvar_splice,35,0.09318181818181817,0.1353333333333333,WT
clinvar_7bafc367a1a1db50,donor_clinvar_splice,36,0.35454545454545455,0.1353333333333333,WT
clinvar_7bafc367a1a1db50,donor_clinvar_splice,37,0.42272727272727273,0.0,WT
clinvar_7bafc367a1a1db50,donor_clinvar_splice,38,0.5136363636363636,0.14600000000000002,WT
clinvar_7bafc367a1a1db50,donor_clinvar_splice,39,0.15,0.14600000000000002,WT
clinvar_7bafc367a1a1db50,donor_clinvar_splice,40,0.29772727272727273,0.1353333333333333,WT
clinvar_7bafc367a1a1db50,donor_clinvar_splice,41,0.48787878787878786,0.0,WT
clinvar_7bafc367a1a1db50,donor_clinvar_splice,42,0.5787878787878787,0.1353333333333333,WT
clinvar_7bafc367a1a1db50,donor_clinvar_splice,43,0.3742424242424242,0.1353333333333333,WT
clinvar_7bafc367a1a1db50,donor_clinvar_splice,44,0.1015151515151515,0.1353333333333333,WT
clinvar_7bafc367a1a1db50,donor_clinvar_splice,45,0.36287878787878786,0.12466666666666665,WT
clinvar_7bafc367a1a1db50,donor_clinvar_splice,46,0.5106060606060606,0.0,WT
clinvar_7bafc367a1a1db50,donor_clinvar_splice,47,0.20378787878787877,0.41466666666666663,WT
clinvar_7bafc367a1a1db50,donor_clinvar_splice,48,0.03333333333333333,0.12466666666666665,WT
clinvar_7bafc367a1a1db50,donor_clinvar_splice,49,0.09015151515151515,0.0,WT
clinvar_7bafc367a1a1db50,donor_clinvar_splice,50,0.30606060606060603,0.0,WT
clinvar_7bafc367a1a1db50,donor_clinvar_splice,51,0.5787878787878787,0.11399999999999999,WT
clinvar_7bafc367a1a1db50,donor_clinvar_splice,52,0.24090909090909088,0.0,WT
clinvar_7bafc367a1a1db50,donor_clinvar_splice,53,0.44545454545454544,0.033999999999999975,WT
clinvar_7bafc367a1a1db50,donor_clinvar_splice,54,0.6954545454545453,0.0,WT
clinvar_7bafc367a1a1db50,donor_clinvar_splice,55,0.08484848484848484,0.12466666666666665,WT
clinvar_7bafc367a1a1db50,donor_clinvar_splice,56,0.40303030303030296,0.1353333333333333,WT
clinvar_7bafc367a1a1db50,donor_clinvar_splice,57,0.4712121212121212,0.0,WT
clinvar_7bafc367a1a1db50,donor_clinvar_splice,58,0.35757575757575755,0.14600000000000002,WT
clinvar_7bafc367a1a1db50,donor_clinvar_splice,59,0.14166666666666666,0.14600000000000002,WT
clinvar_7bafc367a1a1db50,donor_clinvar_splice,60,0.28939393939393937,0.226,WT
clinvar_7bafc367a1a1db50,donor_clinvar_splice,61,0.4371212121212121,0.0,WT
clinvar_7bafc367a1a1db50,donor_clinvar_splice,62,0.14166666666666666,0.5159999999999999,WT
clinvar_7bafc367a1a1db50,donor_clinvar_splice,63,0.3916666666666666,0.226,WT
clinvar_7bafc367a1a1db50,donor_clinvar_splice,64,0.08484848484848484,0.016,WT
clinvar_7bafc367a1a1db50,donor_clinvar_splice,65,0.16439393939393937,0.306,WT
clinvar_7bafc367a1a1db50,donor_clinvar_splice,66,0.3462121212121212,0.016,WT
clinvar_7bafc367a1a1db50,donor_clinvar_splice,67,0.7780303030303031,0.0,WT
clinvar_7bafc367a1a1db50,donor_clinvar_splice,68,0.22424242424242422,0.20466666666666664,WT
clinvar_7bafc367a1a1db50,donor_clinvar_splice,69,0.3378787878787879,0.2153333333333333,WT
clinvar_7bafc367a1a1db50,donor_clinvar_splice,70,0.34924242424242424,0.0,WT
clinvar_7bafc367a1a1db50,donor_clinvar_splice,71,0.39469696969696966,0.226,WT
clinvar_7bafc367a1a1db50,donor_clinvar_splice,72,0.40606060606060607,0.226,WT
clinvar_7bafc367a1a1db50,donor_clinvar_splice,73,0.4515151515151515,0.226,WT
clinvar_7bafc367a1a1db50,donor_clinvar_splice,74,0.07651515151515151,0.226,WT
clinvar_7bafc367a1a1db50,donor_clinvar_splice,75,0.3378787878787879,0.2366666666666666,WT
clinvar_7bafc367a1a1db50,donor_clinvar_splice,76,0.008333333333333333,0.0,WT
clinvar_7bafc367a1a1db50,donor_clinvar_splice,77,0.5083333333333333,0.0,WT
clinvar_7bafc367a1a1db50,donor_clinvar_splice,78,0.008333333333333333,0.226,WT
clinvar_7bafc367a1a1db50,donor_clinvar_splice,79,0.3378787878787879,0.0,WT
clinvar_7bafc367a1a1db50,donor_clinvar_splice,80,0.22424242424242422,0.0,WT
clinvar_7bafc367a1a1db50,donor_clinvar_splice,-80,0.09924242424242424,0.20266666666666666,Mut
clinvar_7bafc367a1a1db50,donor_clinvar_splice,-79,0.5083333333333333,0.21333333333333332,Mut
clinvar_7bafc367a1a1db50,donor_clinvar_splice,-78,0.008333333333333333,0.5033333333333333,Mut
clinvar_7bafc367a1a1db50,donor_clinvar_splice,-77,0.4174242424242424,0.20266666666666666,Mut
clinvar_7bafc367a1a1db50,donor_clinvar_splice,-76,0.17575757575757572,0.20266666666666666,Mut
clinvar_7bafc367a1a1db50,donor_clinvar_splice,-75,0.3462121212121212,0.5033333333333333,Mut
clinvar_7bafc367a1a1db50,donor_clinvar_splice,-74,0.1303030303030303,0.20266666666666666,Mut
clinvar_7bafc367a1a1db50,donor_clinvar_splice,-73,0.3803030303030303,0.49266666666666664,Mut
clinvar_7bafc367a1a1db50,donor_clinvar_splice,-72,0.06212121212121212,0.21333333333333332,Mut
clinvar_7bafc367a1a1db50,donor_clinvar_splice,-71,0.4371212121212121,0.22399999999999998,Mut
clinvar_7bafc367a1a1db50,donor_clinvar_splice,-70,0.5621212121212121,0.21333333333333332,Mut
clinvar_7bafc367a1a1db50,donor_clinvar_splice,-69,0.016666666666666666,0.514,Mut
clinvar_7bafc367a1a1db50,donor_clinvar_splice,-68,0.3462121212121212,0.21333333333333332,Mut
clinvar_7bafc367a1a1db50,donor_clinvar_splice,-67,0.1727272727272727,0.21333333333333332,Mut
clinvar_7bafc367a1a1db50,donor_clinvar_splice,-66,0.3772727272727272,0.22399999999999998,Mut
clinvar_7bafc367a1a1db50,donor_clinvar_splice,-65,0.09318181818181817,0.514,Mut
clinvar_7bafc367a1a1db50,donor_clinvar_splice,-64,0.34318181818181814,0.514,Mut
clinvar_7bafc367a1a1db50,donor_clinvar_splice,-63,0.43106060606060603,0.22399999999999998,Mut
clinvar_7bafc367a1a1db50,donor_clinvar_splice,-62,0.30606060606060603,0.514,Mut
clinvar_7bafc367a1a1db50,donor_clinvar_splice,-61,0.0787878787878788,0.5033333333333333,Mut
clinvar_7bafc367a1a1db50,donor_clinvar_splice,-60,0.30606060606060603,0.22399999999999998,Mut
clinvar_7bafc367a1a1db50,donor_clinvar_splice,-59,0.18106060606060603,0.21333333333333332,Mut
clinvar_7bafc367a1a1db50,donor_clinvar_splice,-58,0.47651515151515145,0.21333333333333332,Mut
clinvar_7bafc367a1a1db50,donor_clinvar_splice,-57,0.43106060606060603,0.5033333333333333,Mut
clinvar_7bafc367a1a1db50,donor_clinvar_splice,-56,0.03333333333333333,0.49266666666666664,Mut
clinvar_7bafc367a1a1db50,donor_clinvar_splice,-55,0.30606060606060603,0.20266666666666666,Mut
clinvar_7bafc367a1a1db50,donor_clinvar_splice,-54,0.1924242424242424,0.21333333333333332,Mut
clinvar_7bafc367a1a1db50,donor_clinvar_splice,-53,0.36287878787878786,0.49266666666666664,Mut
clinvar_7bafc367a1a1db50,donor_clinvar_splice,-52,0.20378787878787877,0.20266666666666666,Mut
clinvar_7bafc367a1a1db50,donor_clinvar_splice,-51,0.12424242424242424,0.49266666666666664,Mut
clinvar_7bafc367a1a1db50,donor_clinvar_splice,-50,0.09015151515151515,0.20266666666666666,Mut
clinvar_7bafc367a1a1db50,donor_clinvar_splice,-49,0.18106060606060603,0.20266666666666666,Mut
clinvar_7bafc367a1a1db50,donor_clinvar_splice,-48,0.5333333333333333,0.192,Mut
clinvar_7bafc367a1a1db50,donor_clinvar_splice,-47,0.03333333333333333,0.49266666666666664,Mut
clinvar_7bafc367a1a1db50,donor_clinvar_splice,-46,0.396969696969697,0.192,Mut
clinvar_7bafc367a1a1db50,donor_clinvar_splice,-45,0.521969696969697,0.192,Mut
clinvar_7bafc367a1a1db50,donor_clinvar_splice,-44,0.43106060606060603,0.49266666666666664,Mut
clinvar_7bafc367a1a1db50,donor_clinvar_splice,-43,0.20378787878787877,0.482,Mut
clinvar_7bafc367a1a1db50,donor_clinvar_splice,-42,0.03333333333333333,0.482,Mut
clinvar_7bafc367a1a1db50,donor_clinvar_splice,-41,0.30606060606060603,0.192,Mut
clinvar_7bafc367a1a1db50,donor_clinvar_splice,-40,0.521969696969697,0.20266666666666666,Mut
clinvar_7bafc367a1a1db50,donor_clinvar_splice,-39,0.7378787878787878,0.482,Mut
clinvar_7bafc367a1a1db50,donor_clinvar_splice,-38,0.1015151515151515,0.482,Mut
clinvar_7bafc367a1a1db50,donor_clinvar_splice,-37,0.1356060606060606,0.47133333333333327,Mut
clinvar_7bafc367a1a1db50,donor_clinvar_splice,-36,0.30606060606060603,0.18133333333333332,Mut
clinvar_7bafc367a1a1db50,donor_clinvar_splice,-35,0.15833333333333333,0.18133333333333332,Mut
clinvar_7bafc367a1a1db50,donor_clinvar_splice,-34,0.12424242424242424,0.47133333333333327,Mut
clinvar_7bafc367a1a1db50,donor_clinvar_splice,-33,0.5787878787878787,0.17066666666666666,Mut
clinvar_7bafc367a1a1db50,donor_clinvar_splice,-32,0.18409090909090906,0.16,Mut
clinvar_7bafc367a1a1db50,donor_clinvar_splice,-31,0.38863636363636367,0.46066666666666667,Mut
clinvar_7bafc367a1a1db50,donor_clinvar_splice,-30,0.09318181818181817,0.17066666666666666,Mut
clinvar_7bafc367a1a1db50,donor_clinvar_splice,-29,0.025,0.46066666666666667,Mut
clinvar_7bafc367a1a1db50,donor_clinvar_splice,-28,0.08181818181818182,0.17066666666666666,Mut
clinvar_7bafc367a1a1db50,donor_clinvar_splice,-27,0.1159090909090909,0.18133333333333332,Mut
clinvar_7bafc367a1a1db50,donor_clinvar_splice,-26,0.1727272727272727,0.18133333333333332,Mut
clinvar_7bafc367a1a1db50,donor_clinvar_splice,-25,0.12424242424242424,0.18133333333333332,Mut
clinvar_7bafc367a1a1db50,donor_clinvar_splice,-24,0.396969696969697,0.17066666666666666,Mut
clinvar_7bafc367a1a1db50,donor_clinvar_splice,-23,0.1924242424242424,0.18133333333333332,Mut
clinvar_7bafc367a1a1db50,donor_clinvar_splice,-22,0.4621212121212121,0.47133333333333327,Mut
clinvar_7bafc367a1a1db50,donor_clinvar_splice,-21,0.10984848484848483,0.192,Mut
clinvar_7bafc367a1a1db50,donor_clinvar_splice,-20,0.13257575757575757,0.482,Mut
clinvar_7bafc367a1a1db50,donor_clinvar_splice,-19,0.09848484848484848,0.192,Mut
clinvar_7bafc367a1a1db50,donor_clinvar_splice,-18,0.45075757575757575,0.20266666666666666,Mut
clinvar_7bafc367a1a1db50,donor_clinvar_splice,-17,0.25757575757575757,0.192,Mut
clinvar_7bafc367a1a1db50,donor_clinvar_splice,-16,0.18939393939393936,0.49266666666666664,Mut
clinvar_7bafc367a1a1db50,donor_clinvar_splice,-15,0.428030303030303,0.192,Mut
clinvar_7bafc367a1a1db50,donor_clinvar_splice,-14,0.5303030303030303,0.192,Mut
clinvar_7bafc367a1a1db50,donor_clinvar_splice,-13,0.18939393939393936,0.49266666666666664,Mut
clinvar_7bafc367a1a1db50,donor_clinvar_splice,-12,0.12121212121212119,0.20266666666666666,Mut
clinvar_7bafc367a1a1db50,donor_clinvar_splice,-11,0.3143939393939394,0.482,Mut
clinvar_7bafc367a1a1db50,donor_clinvar_splice,-10,0.2348484848484848,0.192,Mut
clinvar_7bafc367a1a1db50,donor_clinvar_splice,-9,0.3227272727272727,0.7826666666666666,Mut
clinvar_7bafc367a1a1db50,donor_clinvar_splice,-8,0.175,0.20266666666666666,Mut
clinvar_7bafc367a1a1db50,donor_clinvar_splice,-7,0.14090909090909093,0.49266666666666664,Mut
clinvar_7bafc367a1a1db50,donor_clinvar_splice,-6,0.3227272727272727,0.20266666666666666,Mut
clinvar_7bafc367a1a1db50,donor_clinvar_splice,-5,0.2545454545454545,0.192,Mut
clinvar_7bafc367a1a1db50,donor_clinvar_splice,-4,0.5727272727272726,0.112,Mut
clinvar_7bafc367a1a1db50,donor_clinvar_splice,-3,0.20909090909090905,0.12266666666666666,Mut
clinvar_7bafc367a1a1db50,donor_clinvar_splice,-2,0.10681818181818181,0.4126666666666666,Mut
clinvar_7bafc367a1a1db50,donor_clinvar_splice,-1,0.3227272727272727,0.12266666666666666,Mut
clinvar_7bafc367a1a1db50,donor_clinvar_splice,0,0.8909090909090909,0.12266666666666666,Mut
clinvar_7bafc367a1a1db50,donor_clinvar_splice,1,0.10984848484848483,0.7133333333333333,Mut
clinvar_7bafc367a1a1db50,donor_clinvar_splice,2,0.3712121212121212,0.4233333333333333,Mut
clinvar_7bafc367a1a1db50,donor_clinvar_splice,3,0.16666666666666666,0.12266666666666666,Mut
clinvar_7bafc367a1a1db50,donor_clinvar_splice,4,0.3143939393939394,0.4233333333333333,Mut
clinvar_7bafc367a1a1db50,donor_clinvar_splice,5,0.2121212121212121,0.12266666666666666,Mut
clinvar_7bafc367a1a1db50,donor_clinvar_splice,6,0.40530303030303033,0.33266666666666667,Mut
clinvar_7bafc367a1a1db50,donor_clinvar_splice,7,0.4393939393939394,0.032,Mut
clinvar_7bafc367a1a1db50,donor_clinvar_splice,8,0.25757575757575757,0.32199999999999995,Mut
clinvar_7bafc367a1a1db50,donor_clinvar_splice,9,0.6893939393939393,0.31133333333333324,Mut
clinvar_7bafc367a1a1db50,donor_clinvar_splice,10,0.1015151515151515,0.021333333333333315,Mut
clinvar_7bafc367a1a1db50,donor_clinvar_splice,11,0.45378787878787874,0.30066666666666664,Mut
clinvar_7bafc367a1a1db50,donor_clinvar_splice,12,0.43106060606060603,0.010666666666666658,Mut
clinvar_7bafc367a1a1db50,donor_clinvar_splice,13,0.7037878787878786,0.30066666666666664,Mut
clinvar_7bafc367a1a1db50,donor_clinvar_splice,14,0.09318181818181817,0.2899999999999999,Mut
clinvar_7bafc367a1a1db50,donor_clinvar_splice,15,0.4113636363636363,0.30066666666666664,Mut
clinvar_7bafc367a1a1db50,donor_clinvar_splice,16,0.47954545454545455,0.0,Mut
clinvar_7bafc367a1a1db50,donor_clinvar_splice,17,0.3659090909090909,0.2899999999999999,Mut
clinvar_7bafc367a1a1db50,donor_clinvar_splice,18,0.15,0.2793333333333333,Mut
clinvar_7bafc367a1a1db50,donor_clinvar_splice,19,0.35454545454545455,0.2793333333333333,Mut
clinvar_7bafc367a1a1db50,donor_clinvar_splice,20,0.5590909090909091,0.0,Mut
clinvar_7bafc367a1a1db50,donor_clinvar_splice,21,0.15,0.5586666666666666,Mut
clinvar_7bafc367a1a1db50,donor_clinvar_splice,22,0.025,0.2686666666666666,Mut
clinvar_7bafc367a1a1db50,donor_clinvar_splice,23,0.16136363636363635,0.0,Mut
clinvar_7bafc367a1a1db50,donor_clinvar_splice,24,0.46818181818181814,0.258,Mut
clinvar_7bafc367a1a1db50,donor_clinvar_splice,25,0.37727272727272726,0.048,Mut
clinvar_7bafc367a1a1db50,donor_clinvar_splice,26,0.07045454545454546,0.5479999999999999,Mut
clinvar_7bafc367a1a1db50,donor_clinvar_splice,27,0.025,0.0,Mut
clinvar_7bafc367a1a1db50,donor_clinvar_splice,28,0.525,0.0,Mut
clinvar_7bafc367a1a1db50,donor_clinvar_splice,29,0.5022727272727272,0.24733333333333332,Mut
clinvar_7bafc367a1a1db50,donor_clinvar_splice,30,0.42272727272727273,0.5266666666666666,Mut
clinvar_7bafc367a1a1db50,donor_clinvar_splice,31,0.025,0.14600000000000002,Mut
clinvar_7bafc367a1a1db50,donor_clinvar_splice,32,0.35454545454545455,0.0,Mut
clinvar_7bafc367a1a1db50,donor_clinvar_splice,33,0.5136363636363636,0.0,Mut
clinvar_7bafc367a1a1db50,donor_clinvar_splice,34,0.42272727272727273,0.1353333333333333,Mut
clinvar_7bafc367a1a1db50,donor_clinvar_splice,35,0.09318181818181817,0.1353333333333333,Mut
clinvar_7bafc367a1a1db50,donor_clinvar_splice,36,0.35454545454545455,0.1353333333333333,Mut
clinvar_7bafc367a1a1db50,donor_clinvar_splice,37,0.42272727272727273,0.0,Mut
clinvar_7bafc367a1a1db50,donor_clinvar_splice,38,0.5136363636363636,0.14600000000000002,Mut
clinvar_7bafc367a1a1db50,donor_clinvar_splice,39,0.15,0.14600000000000002,Mut
clinvar_7bafc367a1a1db50,donor_clinvar_splice,40,0.29772727272727273,0.1353333333333333,Mut
clinvar_7bafc367a1a1db50,donor_clinvar_splice,41,0.48787878787878786,0.0,Mut
clinvar_7bafc367a1a1db50,donor_clinvar_splice,42,0.5787878787878787,0.1353333333333333,Mut
clinvar_7bafc367a1a1db50,donor_clinvar_splice,43,0.3742424242424242,0.1353333333333333,Mut
clinvar_7bafc367a1a1db50,donor_clinvar_splice,44,0.1015151515151515,0.1353333333333333,Mut
clinvar_7bafc367a1a1db50,donor_clinvar_splice,45,0.36287878787878786,0.12466666666666665,Mut
clinvar_7bafc367a1a1db50,donor_clinvar_splice,46,0.5106060606060606,0.0,Mut
clinvar_7bafc367a1a1db50,donor_clinvar_splice,47,0.20378787878787877,0.41466666666666663,Mut
clinvar_7bafc367a1a1db50,donor_clinvar_splice,48,0.03333333333333333,0.12466666666666665,Mut
clinvar_7bafc367a1a1db50,donor_clinvar_splice,49,0.09015151515151515,0.0,Mut
clinvar_7bafc367a1a1db50,donor_clinvar_splice,50,0.30606060606060603,0.0,Mut
clinvar_7bafc367a1a1db50,donor_clinvar_splice,51,0.5787878787878787,0.11399999999999999,Mut
clinvar_7bafc367a1a1db50,donor_clinvar_splice,52,0.24090909090909088,0.0,Mut
clinvar_7bafc367a1a1db50,donor_clinvar_splice,53,0.44545454545454544,0.033999999999999975,Mut
clinvar_7bafc367a1a1db50,donor_clinvar_splice,54,0.6954545454545453,0.0,Mut
clinvar_7bafc367a1a1db50,donor_clinvar_splice,55,0.08484848484848484,0.12466666666666665,Mut
clinvar_7bafc367a1a1db50,donor_clinvar_splice,56,0.40303030303030296,0.1353333333333333,Mut
clinvar_7bafc367a1a1db50,donor_clinvar_splice,57,0.4712121212121212,0.0,Mut
clinvar_7bafc367a1a1db50,donor_clinvar_splice,58,0.35757575757575755,0.14600000000000002,Mut
clinvar_7bafc367a1a1db50,donor_clinvar_splice,59,0.14166666666666666,0.14600000000000002,Mut
clinvar_7bafc367a1a1db50,donor_clinvar_splice,60,0.28939393939393937,0.226,Mut
clinvar_7bafc367a1a1db50,donor_clinvar_splice,61,0.4371212121212121,0.0,Mut
clinvar_7bafc367a1a1db50,donor_clinvar_splice,62,0.14166666666666666,0.5159999999999999,Mut
clinvar_7bafc367a1a1db50,donor_clinvar_splice,63,0.3916666666666666,0.226,Mut
clinvar_7bafc367a1a1db50,donor_clinvar_splice,64,0.08484848484848484,0.016,Mut
clinvar_7bafc367a1a1db50,donor_clinvar_splice,65,0.16439393939393937,0.306,Mut
clinvar_7bafc367a1a1db50,donor_clinvar_splice,66,0.3462121212121212,0.016,Mut
clinvar_7bafc367a1a1db50,donor_clinvar_splice,67,0.7780303030303031,0.0,Mut
clinvar_7bafc367a1a1db50,donor_clinvar_splice,68,0.22424242424242422,0.20466666666666664,Mut
clinvar_7bafc367a1a1db50,donor_clinvar_splice,69,0.3378787878787879,0.2153333333333333,Mut
clinvar_7bafc367a1a1db50,donor_clinvar_splice,70,0.34924242424242424,0.0,Mut
clinvar_7bafc367a1a1db50,donor_clinvar_splice,71,0.39469696969696966,0.226,Mut
clinvar_7bafc367a1a1db50,donor_clinvar_splice,72,0.40606060606060607,0.226,Mut
clinvar_7bafc367a1a1db50,donor_clinvar_splice,73,0.4515151515151515,0.226,Mut
clinvar_7bafc367a1a1db50,donor_clinvar_splice,74,0.07651515151515151,0.226,Mut
clinvar_7bafc367a1a1db50,donor_clinvar_splice,75,0.3378787878787879,0.2366666666666666,Mut
clinvar_7bafc367a1a1db50,donor_clinvar_splice,76,0.008333333333333333,0.0,Mut
clinvar_7bafc367a1a1db50,donor_clinvar_splice,77,0.5083333333333333,0.0,Mut
clinvar_7bafc367a1a1db50,donor_clinvar_splice,78,0.008333333333333333,0.226,Mut
clinvar_7bafc367a1a1db50,donor_clinvar_splice,79,0.3378787878787879,0.0,Mut
clinvar_7bafc367a1a1db50,donor_clinvar_splice,80,0.22424242424242422,0.0,Mut
